0,모모랜드
1,82년생 김지영
2,이성미
3,ios9.3
4,메르스 예방법
5,여성시대
6,정연
7,대북확성기
8,탁구
9,파월
10,비긴 어게인 3
11,마을 아치아라의 비밀
12,윤승아
13,수능 등급컷
14,3.1절
15,조보아
16,프로듀스 101 시즌 2
17,인천 지진
18,LG G5
19,너의 이름은
20,사회적 거리두기 2단계
21,무법 변호사
22,경남제약
23,여상규
24,이용구
25,해피포인트
26,구미호뎐 결말
27,홍진영 언니
28,nct
29,뭉쳐야 찬다
30,마리텔
31,라이브 
32,야다
33,효성 채용
34,예학영
35,코로나 2단계 
36,조원석
37,로또834회당첨번호
38,김예원
39,양수경
40,기안84
41,화성
42,이다해
43,김시우
44,토트넘 도르트문트 
45,박원순
46,샤페코엔시
47,아유미
48,서울시 재난긴급생활비
49,주저흔
50,집사부일체
51,황다건
52,구본찬
53,주예지 
54,호식이 두마리 치킨
55,인터파크 
56,카탈루냐
57,김현아 국회의원
58,리버풀 
59,류여해 
60,태풍 11호 노을
61,언더커버
62,더 케이투
63,웹젠
64,이주노
65,스피카
66,클럽하우스
67,테스
68,이설
69,강서구 pc방 살인
70,케이시
71,864회 로또당첨번호
72,강성훈
73,펜트하우스1
74,메르스 바이러스
75,세상에서 제일 예쁜 내딸
76,아스달 연대기
77,양세찬
78,신의목소리
79,김영아 
80,선우
81,로또892회당첨번호
82,2016 sbs 연예대상
83,프리미어12 
84,연우
85,독일 멕시코 
86,김정훈
87,우현
88,안시성
89,유섬나
90,김뢰하
91,우수
92,거제 살인 사건
93,쇼미더머니 5
94,김재원 결혼
95,슈가맨을찾아서
96,차동민
97,정려원
98,권민아
99,토트넘 대 맨유
100,씨엘
101,이시언 이지훈
102,심야식당
103,주진우
104,버닝썬 성폭행
105,달창 뜻
106,약장수
107,김혜정 배우
108,라돈 침대
109,매드독
110,기무라 타쿠야
111,김혜자
112,하원미
113,이미도
114,김종석
115,노희영
116,전인권
117,명세빈
118,진용진레전드로가겠습니다
119,영화 콜
120,장혜진
121,케빈 나
122,제주항공 
123,12월 3일 촛불집회
124,태풍 다나스
125,부부의세계 재방송
126,류이서
127,카를로스 곤
128,나경은
129,황하나 남편 
130,메르스 증상
131,미스트롯2 결승진출자
132,어금니 아빠
133,일본 폴란드
134,미녀 공심이
135,김현웅
136,서울시장
137,모유비누
138,황금락카두통썼네 정체
139,천단비
140,족발 쥐
141,고민정
142,지젤 번천
143,일본 지진
144,이은재 국회의원
145,미세스캅2
146,노트르담 성당
147,지구의 날
148,엑소 LOVE ME RIGHT
149,승리 
150,K팝스타6 박지민 이하이 백아연
151,조주빈
152,강진 여고생
153,정현 
154,바르셀로나 유벤투스
155,문형표
156,더크로스
157,서훈
158,허민우
159,윤희숙
160,박성연
161,진학사
162,디기리 
163,효성
164,배트맨 대 슈퍼맨: 저스티스의 시작
165,국수의 신
166,퉁키 복면가왕
167,로또710회당첨번호
168,일리치치
169,단디
170,장정윤 작가
171,굿바이 미스터 블랙 
172,움베르토 에코
173,루갈
174,박사모 
175,타히티 아리
176,에일리
177,마음의 소리
178,로또916
179,WWDC 2018
180,주수도
181,아동속옷
182,수지
183,4차 재난지원금
184,김그림
185,메리츠 암보험
186,김종
187,샌드박스 
188,주낙영
189,전주 연쇄살인
190,월드컵
191,2020 백상예술대상
192,알파고 커제
193,하지
194,그날 바다
195,로또 939회
196,강은비
197,벗방
198,뇌동맥류
199,주택금융공사
200,조현병 확인
201,노니
202,한선교
203,신풍제약
204,2018 kbs 연예대상
205,정태수 
206,자동차세 납부
207,코로나바이러스 확진자
208,김강민
209,여행에 미치다 조준기
210,나의 아저씨
211,정정아
212,어벤져스4
213,광안리 개미떼
214,밴쯔
215,여청단
216,김민규
217,프랑스 교사 참수
218,한동근
219,맨유 사우스햄튼
220,홍영기
221,장성우
222,갓오브하이스쿨
223,김민자
224,장학영
225,방석호
226,남호연 구혜리
227,킬미힐미
228,전봉준
229,허성태
230,AOA
231,갤럭시 S21
232,조선생존기
233,배달의민족 총주문금액
234,로또
235,힙합의 민족
236,정찬성 복귀전
237,한국 일본 
238,슬기로운 의사생활
239,국세청
240,김정환
241,의정부고 졸업사진
242,청년통장
243,이명박
244,코로나 3단계 조치
245,대한전선
246,윤은혜
247,나다
248,잡코리아
249,경수진 
250,뜨뜨뜨뜨
251,김양건
252,이승윤 매니저
253,우리은행 채용
254,서복현
255,내방의품격
256,제네시스 eq900
257,정여진
258,최유진
259,이문정
260,조선희
261,티파니
262,서산만두달인
263,bj땡초
264,정인이 양부
265,구르미 그린 달빛 3
266,구룡마을
267,최정윤
268,ITZY
269,2017년 새해인사말 
270,스페이스a
271,로또903회당첨번호
272,설리 사망
273,추석명절 인사말
274,브로큰발렌타인
275,유지태
276,서브웨이
277,다케우치 유코
278,하야
279,유재경
280,원종건 
281,6.25전쟁
282,3040 문재인에 속았다
283,동백꽃 필 무렵 마지막회
284,제주 4.3 사건
285,송중기
286,종근당 장남
287,로또839회당첨번호
288,화사
289,임블리
290,나비
291,국세환급금
292,sk바이오사이언스 
293,가면
294,고등래퍼
295,야노시호
296,보아
297,양예원 
298,류현진
299,NBA 
300,미네소타 트윈스
301,율희
302,장도연
303,롯데온
304,서미경
305,877회 로또 당첨 번호
306,성년의날 
307,박원숙
308,고경표
309,신시아
310,티아라 아름
311,최교일
312,유진룡
313,토트넘 대 리버풀
314,드라마 앨리스
315,모바일 운전면허증
316,박성웅
317,더 페스타
318,김고은
319,전현무 한혜진 
320,계란 
321,아마데우스 조
322,이영지 나가지마 케이스
323,미국 대통령 선거 결과
324,로또872회당첨번호
325,한국사능력시험
326,독도새우
327,신분을 숨겨라 
328,죽어도 좋아
329,공기청정기
330,스페이스A
331,의정부 일가족
332,덕혜옹주
333,이지성
334,박영규
335,콩레이
336,독일 스웨덴 
337,홍신애
338,로또712회당첨번호
339,박봄
340,남양유업
341,랑종
342,러브홀릭
343,나이키
344,yg엔터테인먼트
345,노노재팬
346,김동선 
347,월드컵 최종예선 순위
348,일루미나티
349,지하철 마스크 싸움
350,정준영 동영상
351,우지윤
352,부부의세계 11회
353,금나나
354,나는 원숭이다
355,내보험찾아줌
356,토트넘 사우스햄튼
357,2019 수능 등급컷
358,고유민 배구
359,한글날
360,로또874회당첨번호
361,교촌에프앤비
362,하늘 학폭
363,예수중심교회
364,임승호
365,뽐뿌
366,경기도 재난기본소득
367,내사랑 치유기
368,고속도로통행료면제
369,한진해운
370,황지현
371,김부용
372,싸이
373,엄태웅
374,비닐치킨
375,맨부커상
376,아임뚜렛
377,주진우 기자
378,전원책
379,울산 버스사고
380,서예지 허리
381,장소연
382,목함지뢰
383,안종범
384,말리부
385,슬기로운 의사생활 5회 
386,김우영
387,신창원
388,심진화 김원효
389,김민기 홍윤화
390,차우찬
391,류세비
392,마은진
393,히든싱어4
394,박근혜 계엄령
395,장대호
396,이시영 동영상
397,오초희
398,근로자의 날
399,청하
400,로버트 켈리
401,챔피언스리그 결승
402,로또674회당첨번호
403,토트넘 뮌헨
404,딴따라
405,토트넘 도르트문트
406,신혼일기
407,혜민스님 
408,권오중아들
409,이이경
410,지스타
411,아는형님 트와이스
412,이태원살인사건
413,미세먼지 예보
414,허준영
415,너의 노래는
416,복학왕
417,페노메코
418,광주 쌍촌동
419,7일의 왕비 
420,김경수
421,FDA
422,테일러 스위프트
423,강한나 
424,이애란
425,인명진
426,곤약다이어트
427,뇌전증
428,이불밖은 위험해
429,대우조선해양
430,김윤옥
431,청룡영화제
432,야구 한일전 
433,4.19
434,장우람
435,추신수
436,모모
437,로또835회당첨번호
438,한예슬 
439,DRX
440,카트라이더 러쉬플러스
441,이수
442,타다
443,안미나
444,전국날씨
445,가인 주지훈 
446,박상하
447,양동근
448,박찬주 부인
449,씨스타
450,시간
451,신영자
452,김태년
453,공수처법
454,ufc 서울 
455,트와이스 정연
456,인민정
457,헤드라이너
458,김이나
459,코로나 2.5단계 
460,김은정
461,연기학원 원장
462,최경환 
463,임재범
464,서울날씨
465,카이 제니
466,오메가패치
467,김포 맘카페
468,설련화
469,서지승
470,던파
471,터키 쿠데타
472,김선아
473,아이아이
474,프리스틴
475,차인표
476,PD수첩
477,연애 mbti
478,쇼미더머니 777 우승자
479,차떼기
480,지성호
481,인덕원역
482,호세 페르난데스
483,화랑 
484,변창흠
485,식약처홈페이지
486,추리의 여왕
487,안소영
488,배명진
489,강길부
490,트와이스 cheer up
491,문재인 동성애
492,그것이 알고싶다 윤상엽
493,연금복권
494,한국 라오스
495,토렴육개장
496,조두순
497,김지우
498,평창 롱 패딩
499,롯데마트 안내견
500,태연 자카르타
501,로또873회당첨번호
502,김수민 작가
503,주적
504,태풍 장미
505,홍수아
506,인조
507,오타니 
508,정종선
509,손학규
510,박스
511,어린이날
512,응답하라 1988 마지막회
513,김경호
514,로또893회당첨번호
515,정형돈
516,이용주
517,2020 수능 만점자
518,인천 메르스
519,김창렬
520,유이 뱃살
521,이준기
522,왕석현
523,굿바이싱글
524,파퀴아오
525,지진
526,일본 불매운동
527,위메프 크리스피크림도넛
528,오빠생각
529,여자 팀추월
530,권다현
531,김태연
532,서해대교 
533,이지영 강사
534,함중아사망
535,조니뎁
536,김민석
537,월드컵 결승
538,송희영 주필
539,선미
540,삼성채용
541,위메프 신상특가
542,잉여들의 히치하이킹
543,라그나로크 제로
544,태풍진로
545,아이즈원
546,그것이 알고싶다 비트코인
547,부따
548,지방종
549,로또670회당첨번호
550,정경호
551,이선호
552,로또 946회
553,필리버스터 
554,이예린
555,미스터트롯 발표
556,텐카페
557,최재림
558,카카오미니
559,신고은
560,몰리 피츠제럴드
561,김다운
562,제니퍼 로렌스
563,면직
564,돌아와요 아저씨 
565,성유리
566,일본 크루즈
567,빈지노
568,성명준
569,컬투쇼 김남길
570,도티
571,태풍 탈림
572,타이거우즈
573,뿌리깊은나무
574,박영선 선고유예
575,제주도 모녀 신상
576,늘품체조
577,박기량
578,윤식당
579,언니쓰 맞지
580,변산
581,브라질 페루
582,박지훈 
583,첼시
584,신한은행 채용
585,박혜수
586,문채원
587,아이템
588,땐뽀걸즈
589,보건교사 안은영
590,736회 로또 당첨 번호
591,김혜정
592,구해줘! 홈즈
593,배터리데이
594,인피니티 워
595,코드 비밀의방
596,또 오해영
597,블랙수면방 
598,인천상륙작전
599,진달래 학교폭력
600,FMD 식단
601,장도연 차
602,한미정상회담
603,수성못 불꽃축제
604,신세경레깅스화보
605,이상희
606,여자
607,이지란
608,박동근
609,ANA 인스퍼레이션
610,송학식품
611,아르헨티나 칠레
612,일본 카타르
613,현충일
614,하주연
615,최성원
616,vip 드라마
617,일산 백병원
618,수요미식회
619,사생아
620,안아키 
621,이재명 재판
622,포스코 채용
623,살충제 달걀
624,원주기업도시
625,오멘의 저주
626,bj메텔
627,시간이탈자
628,류여해
629,박슬기
630,심학봉
631,어벤져스 인피니티워
632,문병호
633,노란리본
634,위근우
635,근로자의날 
636,러시아 백신
637,크리스탈
638,유아인 수상소감
639,공허의 유산
640,안철수 조폭 
641,김백준
642,로또809회당첨번호
643,기아자동차 채용 
644,류지혜
645,여자축구
646,김형석
647,강원도 산불
648,이정미 헌법재판관
649,안성현 
650,태풍 링링
651,카네이션
652,엑시트
653,반민정
654,루나 스마트폰
655,진달래
656,리디아고
657,이지은
658,윤석열 최측근
659,한국 쿠웨이트
660,아마존
661,길해연
662,햄버거병
663,김광진
664,ufc211
665,대박부동산
666,장나라
667,손승원 
668,윤석민
669,송명빈
670,박신양
671,천국사무소
672,콜롬비아 잉글랜드
673,우레이
674,쿠팡 주가
675,바둑
676,앨빈 토플러
677,무리뉴
678,버닝썬 동영상
679,거제 살인사건
680,강철비 
681,문성근 김여진
682,김원희
683,팬텀싱어
684,정국
685,722회 로또 당첨 번호
686,싱글 와이프
687,스포츠
688,박단아
689,새해복 많이 받으세요
690,남인순
691,윤병호
692,이재용 재판
693,강타
694,구하라 담배
695,평창동계올림픽 개막식
696,카풀
697,사드배치
698,안철수 신천지
699,스티븐 호킹
700,남중국해
701,수소폭탄
702,다빈
703,병원선
704,733회 로또 당첨 번호
705,정연주
706,리버풀 맨시티
707,외모지상주의
708,대중문화예술상
709,박해미
710,정재욱
711,주지훈
712,라스베가스
713,김여정
714,신서유기 2
715,뉴스타파
716,이시언 악플
717,유한양행
718,변희수
719,김주혁 발인
720,구르미 그린 달빛 8
721,성심병원
722,아름다운 세상
723,부산 데이트폭력
724,진중권
725,인터넷은행
726,남상미
727,대한민국 투르크메니스탄
728,정유섭
729,베니
730,허인창
731,우한 폐렴 
732,프로듀스 101 시즌2
733,슈퍼배드 3
734,오또맘
735,윤성현
736,무신사
737,강릉산불
738,WWDC
739,로또 786
740,고아라
741,김진구 
742,정미애
743,연대표
744,이부망천
745,사생활
746,태풍 다나스 경로
747,김민교
748,만약에 말야
749,도깨비
750,현아 학폭
751,마동석
752,대도서관
753,키디비
754,나이키 사카이
755,873회 로또 당첨 번호
756,토트넘 
757,영화배우 신씨
758,수원생명샘교회
759,걸캅스
760,노트10
761,크러쉬
762,메트로 엑소더스
763,고영주 이사장
764,이영훈 판사
765,인헌고등학교
766,길
767,쿠팡플레이
768,3.15 의거 기념일
769,식스틴
770,서예지
771,분자요리
772,계좌이동제
773,강민경 
774,정봉주
775,크리스마스
776,급성구획증후군
777,전영록나이
778,공항가는길 
779,대구 코로나 
780,길미
781,브람스를 좋아하세요
782,손나은
783,이사강
784,맨도롱 또똣
785,강석현
786,제일평화시장
787,동아시안컵 
788,로또874
789,박영선 김기춘
790,신은정
791,홍민지
792,안젤리나졸리
793,코로나 라이브 
794,서울드라마어워즈2015
795,최철호
796,우리집에사는남자
797,코로나19 예방
798,한국 블랙프라이데이
799,반지의 여왕
800,영기
801,허찬미
802,전명규
803,부산 데이트 폭행 
804,이수민
805,몰카 
806,차바
807,고등래퍼 양홍원 우승
808,로또721
809,에픽하이
810,김준교
811,박지원
812,청담동 유아인
813,가결
814,mc민지
815,조국사퇴하세요
816,진학사 합격예측
817,SKY캐슬
818,펜트하우스 결방
819,윤태영
820,이재영 이다영
821,빅뱅 탑
822,김교순
823,홍정호
824,토트넘 리버풀
825,우리는 형제입니다
826,로또908회당첨번호
827,정준영 
828,태풍 란 
829,메탈코인
830,유병언
831,당신이 잠든 사이에 
832,조재범
833,로또848회당첨번호
834,최강창민 결혼
835,민원24 주민등록등본
836,홍선영
837,아시아나 항공
838,로또934회당첨번호
839,우병우
840,릴보이
841,조현영
842,네이처셀
843,듀드
844,워너원 조작멤버
845,로스트아크
846,tpp
847,한밤의 tv연예
848,아우디녀 
849,현송월
850,태풍 짜미
851,한국 콜롬비아
852,한정석 판사
853,유아인
854,한경선
855,벨기에
856,안성교통사고
857,외연도
858,김민수
859,장수지
860,연평해전
861,김홍택
862,주광덕
863,역적
864,특별근로감독관 조장풍
865,살충제 계란
866,박현선
867,강수진
868,테스형
869,수지 화보
870,일베
871,지세희
872,냉장고를 부탁해
873,채홍사
874,류재영 쇼호스트
875,펜트하우스 시즌2 이지아
876,유퉁
877,성락원
878,계몽군주
879,로또867회당첨번호
880,봄이 오나 봄
881,이병재
882,신서유기
883,2NE1
884,루시드폴
885,마라톤
886,백희가 돌아왔다
887,설악산 흔들바위 추락
888,트래블러
889,콜오브듀티: 모던워페어
890,표창원 
891,달의 연인 - 보보경심 려
892,미국 대선 결과
893,박원순시장
894,홍수현
895,한번 더 해피엔딩
896,유시민
897,김현수 홈런
898,어버이연합
899,김하영
900,이월드 다리절단
901,김승연
902,아버지가 이상해
903,박유천 
904,변수미
905,언딘
906,지나
907,김정은 
908,유은혜 의원
909,강수정
910,박유천
911,터키 환율
912,오타니 쇼헤이
913,파파야
914,로또 804
915,lg채용
916,여상규 욕설
917,라이머
918,당신의 하우스헬퍼
919,소정방폭포
920,슈가맨
921,자카르타
922,잉글랜드 크로아티아
923,sbs 연예대상
924,한일 군사정보보호협정 
925,영혼수선공
926,공승연
927,백선엽 
928,보안관
929,mbc연기대상
930,로또881회당첨번호
931,이태원
932,이미선
933,백승호
934,더 플랜
935,정경심 구속
936,7월 모의고사
937,12번째 확진자
938,백달원
939,서른이지만 열일곱입니다
940,차오루
941,박원순 
942,무법변호사 
943,로또896회당첨번호
944,슈퍼스타k
945,이혜경
946,무휼
947,빅히트샵
948,갤럭시s6 아이언맨
949,안철수 딸 재산
950,몬스터헌터 월드
951,이란
952,강하늘
953,혜경궁 김씨 
954,문성근
955,주간아이돌
956,마리와 나
957,김사랑
958,바람의나라
959,해피투게더 
960,황철순
961,로또 792당첨번호
962,조대환 변호사
963,크로마키
964,광주 tcs국제학교
965,레이디제인
966,2020 6월 모의고사 등급컷
967,효성 
968,러시아 크로아티아
969,김희철
970,마우스
971,한상진
972,로이조
973,007 스펙터
974,최종범
975,헤르페스
976,2016 프로야구 개막전
977,한국 스페인
978,히든싱어 김연우
979,한국주택금융공사
980,그것
981,박근핵닷컴
982,공유 동물실험 반대
983,이동건
984,김성주
985,신봉선
986,프랑스 테러
987,문채원 남자친구 사칭
988,유상무
989,태풍 11호 낭카
990,황하나
991,지진희
992,김세정
993,버논
994,한국 투르크메니스탄
995,조병규 학폭
996,충수
997,김관진
998,2017년 11월 모의고사
999,빙그레 
1000,정경두
1001,김동률 답장
1002,일라이
1003,타이거 우즈
1004,새해 인사말 모음
1005,오인혜
1006,최재원
1007,다뉴브강 
1008,한 번 더 해피엔딩
1009,2020 7월 모의고사
1010,로또826회당첨번호
1011,안상태
1012,백상예술대상
1013,태풍 할롤라 예상경로
1014,인분교수 
1015,캡틴마블 쿠키영상 2개
1016,벽람항로
1017,844회 로또 당첨 번호
1018,임세원
1019,관상 테스트
1020,엄마가 뭐길래
1021,심건오
1022,찰리쉰
1023,박호두
1024,응답하라 1988
1025,최지우
1026,김재우
1027,대체공휴일
1028,오패산터널
1029,최홍만
1030,한정민
1031,수박
1032,김태호
1033,아버님 제가 모실게요
1034,차명진
1035,황하나 
1036,브아걸
1037,김하늘
1038,시리아 반군지역 공습
1039,최우식
1040,평택 편의점
1041,류준열 
1042,영화 리얼
1043,정준호
1044,이건희 동영상
1045,철인왕후
1046,손정민 
1047,착하게 살자
1048,옥란면옥
1049,페이지터너
1050,엄태구
1051,이금희
1052,이찬오 
1053,설인아
1054,723회 로또 당첨 번호
1055,미국 대선 실시간
1056,봄밤
1057,최태원
1058,김경진
1059,백상예술대상 
1060,경희대 입학처
1061,인명진 목사
1062,정주리
1063,평양에서 받은 케이크
1064,주이
1065,히든싱어 시즌5
1066,김영재
1067,임지현
1068,서석구
1069,전유진
1070,언프리티랩스타 시즌2
1071,미녀와 야수 400만 돌파
1072,오달수
1073,판타스틱 듀오
1074,유보화
1075,히든싱어 비
1076,WBC
1077,고수정 지병
1078,코레일 
1079,쌍용자동차
1080,진경준
1081,맘스터치
1082,이규형
1083,이찬원 코로나
1084,시나몬물
1085,오늘습관 생리대
1086,하니
1087,갤럭시 s8
1088,38 사기동대
1089,정진
1090,빅브레인
1091,오나의귀신님
1092,임희정 아나운서
1093,이찬원
1094,윤식당2
1095,최진행
1096,럭키문
1097,라트비아
1098,최대집
1099,마리옹 꼬띠아르 
1100,이태성
1101,미국 대선
1102,2019 sbs 연예대상
1103,고우석
1104,노진규
1105,케리아
1106,엘리온 
1107,나탈리아 보디아노바 
1108,남궁민
1109,아우디 a3
1110,엘제이
1111,이상우
1112,류태준
1113,일본뇌염 주의보 발령
1114,조의연 
1115,슬기로운 감빵 생활
1116,이방지
1117,허영란
1118,나영희
1119,치웨이
1120,박형준
1121,김인태
1122,jtbc
1123,lpga
1124,이낙연
1125,강형욱
1126,복면가왕 휘발유
1127,화이트 리스트
1128,sky 캐슬
1129,대전날씨
1130,태풍 쁘라삐룬
1131,연세대 공주전
1132,16번째 확진자 동선
1133,이동휘
1134,설리 빈소
1135,fmd식단
1136,지숙
1137,하현우
1138,불안장애
1139,천안 계모
1140,태풍
1141,최동석 아나운서
1142,박근혜 재판
1143,부따 강훈
1144,로또840회당첨번호
1145,너도 인간이니
1146,신영복
1147,조지아 상원선거
1148,구룡마을 화재
1149,치타
1150,로또957회당첨번호
1151,이만섭
1152,차지연
1153,김서영
1154,하여가
1155,태풍 바비 경로 
1156,부부의세계 12회
1157,최종훈
1158,나인뮤지스
1159,로또817회당첨번호
1160,8월 17일 임시공휴일
1161,현아 대학 축제
1162,기은세
1163,프리미어 12
1164,지윤미
1165,이용주 국회의원
1166,이선균
1167,야관문
1168,이석진
1169,이탈리아
1170,설리 리얼 
1171,한국 코스타리카
1172,차유람
1173,강소라
1174,밤의 해변에서 혼자
1175,이경규
1176,송영무
1177,협죽도
1178,아프리카 시상식
1179,김택진
1180,삼쩜삼
1181,초콜릿
1182,헤이즈
1183,로또 765
1184,백진희
1185,태양의 후예 3회
1186,장신영 
1187,2019 3월 모의고사 등급컷
1188,나의 나라
1189,n번방
1190,마이클 펠프스
1191,한일전 
1192,곽윤기
1193,양예원 카톡 
1194,손정우
1195,바이오젠
1196,박보경
1197,노유정
1198,고마츠 나나
1199,필리버스터뜻
1200,베트남 말레이시아
1201,빠담빠담
1202,쓰촨성
1203,서지현 검사
1204,GME
1205,배구선수
1206,명일방주 
1207,김상교
1208,엄태용
1209,조현준
1210,왕진진
1211,보니하니
1212,사장님이보고있다
1213,심상정
1214,부산 모터쇼
1215,황교안 
1216,2020 10월 모의고사
1217,디지털교도소 
1218,채널a
1219,소상공인 새희망자금 
1220,채영
1221,상상고양이
1222,김정수
1223,하트시그널2
1224,장동민 
1225,복면가왕 노래할고양
1226,태풍 하이선
1227,허은아
1228,콜레라
1229,이경실
1230,사장님이 보고있다
1231,김소영 아나운서
1232,한예리
1233,걸스데이
1234,학교 개학 연기 4월
1235,현기환
1236,김민기
1237,익성
1238,토니 정
1239,동행복권 
1240,낭만닥터 김사부 8회
1241,한국투자증권
1242,코로나나우
1243,로건 
1244,블랙프라이데이 세일
1245,배동성
1246,양진호회장
1247,아스텔리아
1248,위너
1249,이하율
1250,아이유 스물셋
1251,손승락
1252,청명
1253,예비군
1254,인보사
1255,솔비 케이크
1256,흐엉
1257,그녀는 예뻤다 10회
1258,코로나 백신접종예약
1259,손동운 주말엔 숲으로 하차
1260,전인지
1261,신다은
1262,서피스북
1263,로또711회당첨번호
1264,알툴즈
1265,오승은
1266,류재영
1267,정동병원
1268,박소은
1269,쿡가대표
1270,김병만
1271,로또 759 회 당첨 번호
1272,박수애
1273,최다빈 세계선수권 10위
1274,삼시세끼 어촌편 시즌2
1275,코리아 패싱
1276,살인자의 기억법
1277,오버워치 리그
1278,필리버스터
1279,화려한 유혹
1280,장정윤
1281,양예원 사진 
1282,식인박테리아
1283,서효림
1284,로또 918회
1285,G70
1286,문희준
1287,축구 결승전
1288,안철수 후보 등록시 의원직 사퇴
1289,미녀공심이
1290,박지만 수행비서
1291,19호 태풍 하기비스
1292,충북 여교사
1293,검은사제들
1294,유현주 
1295,고양이
1296,티몬 퍼스트데이
1297,보령 해저터널
1298,안서현
1299,태극기집회
1300,겨울왕국2
1301,로또869회당첨번호
1302,울산버스사고
1303,말복
1304,의정부성모병원
1305,국민청원
1306,한정국
1307,저녁 같이 드실래요?
1308,제주항공
1309,채우진
1310,is
1311,프로듀스101 시즌2 2화
1312,강용석
1313,이연화
1314,윤한덕 센터장 
1315,이월드
1316,내츄럴엔도텍
1317,상도유치원
1318,선우선
1319,jtbc 대선토론
1320,김민희
1321,공지영
1322,한국미래기술
1323,흑기사
1324,김재열
1325,조은정 
1326,리얼
1327,서영
1328,박경
1329,김현지
1330,김재수
1331,기보배
1332,스킨푸드
1333,한지성
1334,불야성
1335,대종상
1336,안태근
1337,2PM
1338,속초
1339,임종석
1340,맙소사
1341,세월호 구름 
1342,백원우
1343,조여옥
1344,구본승
1345,카스트로
1346,탄저균
1347,정은지
1348,한가인
1349,로또891회당첨번호
1350,나에게 건배
1351,이가흔
1352,전지현
1353,셀트리온헬스케어
1354,시를 잊은 그대에게
1355,문채원 남자친구 
1356,송민순 
1357,펜싱 에페
1358,요베비
1359,자유한국당
1360,로또 942회
1361,데프콘
1362,기숙사 몰카
1363,류석춘
1364,대한민국 레바논
1365,브레이브걸스
1366,LG전자
1367,아비가일
1368,로또922
1369,경계선 인격장애
1370,여의도 촛불집회
1371,리듬체조
1372,자로 
1373,세월 x
1374,구본무
1375,최저임금
1376,양민화
1377,서현철
1378,김현아 의원
1379,파나틱스
1380,렘데시비르
1381,에릭
1382,아제르바이잔
1383,ufc210
1384,심혜진
1385,전북 도르트문트
1386,이선빈
1387,김연경
1388,이언주 삭발
1389,피고인
1390,2018 멜론 뮤직 어워드
1391,99억의 여자 
1392,로또888회당첨번호
1393,임내현
1394,김병준
1395,벨기에 대사 부인
1396,히가시데 마사히로
1397,마광수
1398,박영선
1399,미국 대통령
1400,2017 kbs 연기대상
1401,제2의나라
1402,DHC
1403,태풍 
1404,쇼미더머니777
1405,조국 딸 
1406,야후꾸러기
1407,태풍 솔릭 경로
1408,주병진
1409,개리 결혼
1410,원준
1411,진학사어플라이
1412,한 번 다녀왔습니다
1413,사전투표
1414,유승현
1415,최희준
1416,송유근
1417,간떨어지는동거
1418,G7 
1419,코로나 바이러스
1420,스타쉽엔터테인먼트
1421,조의연판사
1422,로또709회당첨번호
1423,천리마 민방위
1424,신세경 치랭스 1&1
1425,고유정
1426,롤챔스
1427,공군 3호기
1428,페이커 미드마이
1429,프로듀스 48
1430,아오이 소라
1431,삼시세끼 어촌편2
1432,슈퍼스타K 2016
1433,김민주
1434,비아그라
1435,지하철 파업
1436,아이폰
1437,한샘
1438,김민채
1439,최지만
1440,화사 집
1441,박효주
1442,하민호
1443,유은혜
1444,빅뱅 if you
1445,이재용
1446,루시드폴 
1447,한국 자메이카
1448,리프트 라이벌즈
1449,한용덕
1450,효린 꽃게
1451,정용진
1452,황금빛내인생
1453,블랙홀
1454,로또718회
1455,차주혁 
1456,경동호
1457,정재성
1458,조말생 
1459,요기요
1460,금호타이어
1461,860회 로또당첨번호
1462,검찰단체사표환영
1463,라붐
1464,최태원내연녀
1465,악녀
1466,무한도전 가요제
1467,엘린
1468,처서
1469,추적 60분
1470,허이재
1471,지방쓰는법
1472,빼빼로
1473,이영훈
1474,연말정산 간소화 서비스
1475,리턴
1476,신성현
1477,태풍 바비 
1478,이래나
1479,6월 모의고사
1480,박기영
1481,진주 아파트
1482,마이리틀텔레비전
1483,정세현
1484,캐릭터 커뮤니티
1485,톰하디
1486,넥슨 매각
1487,원빈 이나영 결혼
1488,표예진
1489,박대승
1490,아청법
1491,강남역 침수
1492,나의 위험한 아내
1493,차준환 
1494,부산 여중생 폭행
1495,박잎선
1496,양철로봇
1497,한보름
1498,아프리카티비 시상식
1499,조 로우
1500,사랑은 뷰티풀 인생은 원더풀
1501,이해인
1502,김맑음
1503,아만다 사이프리드
1504,퓨마
1505,미국 대선 
1506,2017 여의도 불꽃축제
1507,장동윤
1508,광희 매니저
1509,유재수
1510,케이티김
1511,슈퍼스타K7
1512,토르 라그나로크
1513,고보결
1514,김생민
1515,2020 백상예술대상 
1516,로또 933회
1517,구피
1518,민경훈
1519,곤지암
1520,서울촌놈
1521,이범호
1522,에너지 관리공단
1523,어서옵쇼
1524,권민아 
1525,에이핑크 김남주
1526,라오스 댐 붕괴
1527,일본인 폭행
1528,부부의세계 정준원
1529,그알
1530,우순실
1531,투표시간 
1532,마녀의성
1533,로또890회당첨번호
1534,Google
1535,곽도원
1536,홍정욱
1537,최다빈
1538,유이
1539,권나라
1540,언니는 살아있다
1541,이용신
1542,설민석 민족대표 33인
1543,강성범
1544,김동윤
1545,김건희
1546,삼계탕
1547,이윤석 
1548,aoa 지민
1549,어버이날 선물
1550,국세청 홈택스 
1551,bj서윤
1552,리아
1553,레바논 폭발
1554,로또 943회
1555,한효주 
1556,신재민
1557,스승의날 문구
1558,최병찬
1559,비글부부
1560,갤럭시 노트9
1561,응답하라1988
1562,모범형사
1563,갤럭시 S20
1564,박세영
1565,이상우 김소연 6월 9일 결혼
1566,진원
1567,개그콘서트
1568,SPTI
1569,바벨 250
1570,복면가왕 파리넬리
1571,긴급재난지원금 
1572,동물의숲
1573,하현관
1574,판문점
1575,코로나맵
1576,조원진
1577,안현수
1578,김명수
1579,망고식스
1580,이상엽
1581,us오픈 테니스대회
1582,ek
1583,안재환
1584,온유
1585,신정환
1586,양정철
1587,한국 북아일랜드
1588,영웅재중
1589,한로
1590,탄핵선고 동영상
1591,라이언 레이놀즈
1592,버닝썬 애나 
1593,프로듀스101 
1594,김어준의 파파이스
1595,박명수 딸
1596,한국 스리랑카
1597,손정민
1598,who
1599,인크레더블 2
1600,오 마이 금비
1601,이제니
1602,화이자 관련주
1603,한국 세네갈 
1604,송지효
1605,남경필 아들
1606,김보연
1607,오청성
1608,브렉시트 영향
1609,류혜영
1610,류수영
1611,정겨운
1612,아리아나 그란데 
1613,부부의세계 7회
1614,라디오스타
1615,청년수당
1616,이채영
1617,로또972
1618,비밀의숲 시즌3
1619,범블비
1620,데이지
1621,피파온라인4 
1622,최몽룡
1623,김지훈
1624,유승준 
1625,서문탁
1626,민주당 경선
1627,캣맘
1628,18호 태풍 미탁 
1629,윤소라
1630,jtbc 신년토론
1631,803회 로또 당첨 번호
1632,신주아 남편
1633,EBS 온라인클래스 
1634,파나마
1635,리니지m 
1636,구르미 그린 달빛
1637,하겐다즈
1638,주진형
1639,산다라박
1640,장문복
1641,박지성 모친상
1642,린
1643,강정호 
1644,대전시청
1645,조용제
1646,슈가맨 3
1647,세종시 화재
1648,전준영
1649,삼시세끼 어촌편 시즌3
1650,엘 클라시코
1651,더 뱅커
1652,한명숙
1653,블루보틀
1654,신광렬 부장판사
1655,크로아티아
1656,클릭비
1657,알고있지만
1658,엠플레이그라운드 
1659,김나영
1660,도사견
1661,조계사
1662,한선천
1663,스파이더맨: 홈커밍
1664,조우진
1665,심하은
1666,나경원자녀의혹
1667,헝가리 유람선
1668,정찬성
1669,킹덤 시즌2
1670,유열
1671,2017 mbc 연기대상
1672,민병두
1673,이파니
1674,코파 아메리카
1675,이선정
1676,17세 사망
1677,밥상 차리는 남자
1678,이세돌 알파고 중계
1679,전진주
1680,나나
1681,나의 라임 오렌지나무
1682,몽고식품 
1683,꽃보다 청춘
1684,배성우
1685,케이뱅크
1686,태영호
1687,오피넷
1688,여행에미치다 양떼목장
1689,백종원의 골목식당
1690,소만
1691,개그맨 김태호
1692,김어준의 블랙하우스
1693,박민지
1694,725회 로또 당첨 번호
1695,FOREST
1696,김태희 
1697,이현주
1698,세월호 인양
1699,이일화 딸
1700,모델 김우영
1701,bj박소은
1702,버닝썬 화장품
1703,부산행
1704,김민경
1705,백신예약
1706,보이스3
1707,배우 정겨운이혼
1708,마이리틀베이비
1709,메이즈러너
1710,공영홈쇼핑 
1711,만우절 장난
1712,트럼프 
1713,홍종학 
1714,셜록 시즌4
1715,김학의 
1716,이일재
1717,삼시세끼 산촌편
1718,김기식
1719,살라
1720,조성진
1721,온라인클래스
1722,오윤아
1723,삼시세끼 어촌편
1724,입춘대길
1725,보궐선거
1726,경남fc
1727,일본 인플루엔자
1728,에이핑크
1729,용가리 과자
1730,강정호 홈런
1731,이유영
1732,김지은 정무비서
1733,허문도
1734,발로란트
1735,지성준
1736,서울가요대상
1737,송다예
1738,정현 페더러
1739,유시종
1740,타이어뱅크
1741,임상훈
1742,호주 산불
1743,차재이
1744,김무성
1745,부산 메르스
1746,로또 912회
1747,로또842회당첨번호
1748,낭만닥터 김사부
1749,박근혜 사면 발언
1750,복면가왕 태권브이
1751,나체사진
1752,근로장려금 
1753,썰전
1754,mbc 연예대상
1755,귀살의검
1756,한국 미국 야구
1757,오현민
1758,침착맨
1759,695회 로또당첨번호
1760,구미호뎐
1761,헨리
1762,트레인
1763,아오이소라
1764,사랑의 불시착 종방연
1765,프랑스
1766,2019 백상예술대상
1767,트와이스
1768,사이토카인 폭풍
1769,울산 지진
1770,이광용
1771,니스 테러
1772,조혜연
1773,김정민
1774,안보현
1775,Fishbowl
1776,심리섭
1777,굿 와이프
1778,아가씨
1779,오세린
1780,김정남 암살 용의자
1781,웰킵스몰
1782,미국 금리인상
1783,김민정 감독
1784,박성광
1785,다스
1786,고등래퍼2
1787,최경희
1788,SKY 캐슬
1789,김보미
1790,김창근
1791,서유리
1792,정용화
1793,is 김군
1794,고니
1795,홈택스
1796,초복 
1797,더불어시민당
1798,강지환
1799,스팀
1800,메리크리스마스
1801,박서원
1802,정샘물
1803,싸우자귀신아
1804,송경호 판사
1805,서강준
1806,장충기
1807,설리 다큐
1808,5인이상 집합금지
1809,이정협 골 동영상
1810,국군의날
1811,정가은
1812,정찬성 오르테가
1813,중국 열병식
1814,이한동
1815,서인국
1816,평양공연 
1817,하이퍼커넥트
1818,이선희
1819,김기태
1820,김재중
1821,청춘익스프레스
1822,니키리
1823,터널 이유영
1824,김현중
1825,절대그이
1826,테슬라
1827,아이즈원츄
1828,로또668회당첨번호
1829,백년손님
1830,발리 화산
1831,정유미 
1832,안산 유치원 식중독
1833,그것이 알고싶다 이재명
1834,무적핑크
1835,노승일
1836,추자현
1837,길민세
1838,안중근
1839,텀블러
1840,흑사병 
1841,구하라 남자친구 상처
1842,이순재
1843,팬데믹 뜻
1844,엄현경
1845,로또676
1846,강두
1847,윤호진
1848,2018 골든디스크
1849,구본무 
1850,정원중
1851,김준희
1852,세상에서 제일 예쁜 내 딸
1853,장항준
1854,아이유 제제
1855,홍대 모델 
1856,우주의 별이
1857,홍의락
1858,싱어게인 33호
1859,야부키 나코
1860,작은 신의 아이들
1861,안용준
1862,복면가왕 아기천사
1863,엑소
1864,사실상 인양 성공
1865,세상에 이런일이
1866,탑
1867,정원스님
1868,차예련
1869,로또970회당첨번호
1870,클라라 
1871,정승연 판사
1872,윤복희
1873,고추아가씨 복면가왕
1874,반서진
1875,민서
1876,연세대
1877,오광록
1878,승객 끌어내린 유나이티드 항공
1879,822회 로또 당첨 번호
1880,슬기로운 감빵생활
1881,개그맨 신종령
1882,태반주사
1883,부르키나 파소
1884,빅스마일데이
1885,하나경
1886,한국 말레이시아
1887,갤럭시노트 fe
1888,이영돈골퍼
1889,변상욱
1890,임홍식
1891,박세리 집
1892,레데리2
1893,태풍 휴교
1894,박태남 아나운서
1895,차세찌
1896,이스타항공
1897,왕지혜
1898,문재인 mbc
1899,메르스 지도
1900,하늘
1901,태풍 경로
1902,김기범
1903,엄마부대 주옥순
1904,김자인
1905,테이크
1906,우체국쇼핑
1907,반기문 
1908,퀸덤
1909,김명신
1910,방시혁
1911,우사인 볼트 
1912,모두투어
1913,서장훈
1914,노바백스
1915,오나라 
1916,정문홍
1917,검사내전
1918,영동고속도로 사고
1919,심상대
1920,강남구청 
1921,아시안 게임 축구
1922,류지혁
1923,은행파업
1924,고영욱 인스타
1925,혼용무도
1926,터보 다시
1927,양정숙
1928,태풍 고니 예상경로
1929,송승헌
1930,화이트데이 
1931,스웨덴
1932,로또865회당첨번호
1933,조윤선 청문회
1934,아역배우 김유빈
1935,윤빛가람
1936,개기월식 
1937,스페이스x
1938,리차드막스
1939,천호식품
1940,아르메니아
1941,나를 기억해
1942,신예은
1943,최희서
1944,국정원
1945,설날 
1946,몰도바
1947,그래 그런거야
1948,여진 
1949,아이즈원 
1950,허경환
1951,38사기동대
1952,민방위 훈련조회
1953,신동빈 회장 차녀
1954,카카오뮤직
1955,명재권
1956,이상형 만들기 
1957,이태리
1958,김유진pd
1959,한화 채용
1960,경기도 재난지원금 
1961,단일화
1962,성범죄자 알림e
1963,박채윤
1964,나쁜 형사
1965,러시아 이집트
1966,레드벨벳
1967,한국 바레인 하이라이트
1968,사와지리 에리카
1969,내집이 나타났다
1970,도은영
1971,정몽규
1972,자로
1973,이효리 노래방
1974,이승우 골
1975,유하나
1976,안치환
1977,어벤져스 엔드게임 쿠키영상
1978,박효신 숨
1979,이다희
1980,김남길
1981,노현희
1982,전경련
1983,김현아
1984,남윤국 변호사
1985,정호성 녹음파일
1986,이원일
1987,봉준호
1988,화정
1989,신서유기7
1990,최순실 곰탕
1991,이승우 승무원
1992,에테르노청담
1993,실시간 교통상황
1994,힙한 선생
1995,티웨이항공
1996,장민석
1997,승리 클럽 버닝썬 폭행
1998,고영태
1999,복면가왕 김연우
2000,암사동 칼부림
2001,국군의 날
2002,최시원 프렌치불독
2003,한국 독일
2004,해빙
2005,베트남 인도네시아
2006,박나래
2007,코마트레이드 이준석
2008,방콕
2009,너훈아
2010,이천물류창고화재
2011,빅뱅 우리사랑하지말아요
2012,배드파더스
2013,유인석
2014,황하나 연예인 
2015,메가로돈
2016,김수용
2017,부산
2018,음악대장 백만송이 장미
2019,771회 로또 당첨 번호
2020,질투의 화신
2021,익산 꼬마김밥
2022,조주빈 목
2023,심형탁
2024,런던화재
2025,vip
2026,강성태
2027,오왼
2028,전혜진
2029,스탠리
2030,해피투게더
2031,로또847회당첨번호
2032,복귀전 류현진
2033,진세연
2034,박수인
2035,노우진 
2036,김반장
2037,에어부산
2038,유인영
2039,도둑놈 도둑님
2040,양예원
2041,이훈
2042,엘렌 페이지
2043,IS 김군
2044,종전
2045,태양의 후예 7회
2046,인천여아살인사건
2047,신승훈
2048,범인은 바로 너
2049,어메이징 메리
2050,안심전환대출
2051,나대한 여자친구
2052,임현주
2053,백다은
2054,최홍림
2055,걸스피릿
2056,김평일
2057,프레시안 
2058,맨몸의 소방관
2059,바르셀로나 세비야
2060,브라질 멕시코
2061,로또741
2062,투깝스
2063,소득하위70%
2064,결혼계약
2065,아이즈원시티
2066,지드래곤 개소리
2067,Www 드라마
2068,주다하
2069,아이폰se
2070,한강 대학생 실종
2071,이태원 확진자
2072,제시카
2073,한국시리즈 
2074,올리브영
2075,방법
2076,졸혼
2077,너를 노린다
2078,나라가 니꺼냐
2079,로또 935회
2080,회오리 축구단
2081,고은미
2082,로또724회 당첨번호
2083,내 귀에 캔디
2084,민효린
2085,안시현
2086,진재영
2087,강원랜드
2088,이청아
2089,안성현
2090,하일지
2091,강승현
2092,885회 로또 당첨 번호
2093,테러방지법
2094,2019 11월 모의고사
2095,여자 컬링
2096,기름진 멜로
2097,원스어폰어타임인할리우드
2098,추석인사
2099,로또936회당첨번호
2100,김해공항 사고
2101,최고의 이혼
2102,지동원 골
2103,임혁필
2104,서신애
2105,이정미 재판관
2106,kbs 연기대상
2107,옥중화
2108,하스스톤
2109,서지영
2110,한국 이란
2111,김지수
2112,연말정산 계산기
2113,치즈인더트랩 드라마
2114,한국 조지아
2115,롤드컵 
2116,이승비
2117,새해인사말
2118,금사월
2119,너의 목소리가 보여
2120,투야
2121,김종인
2122,로저 무어
2123,러시아 사우디
2124,이소윤
2125,태풍 링링 
2126,김영찬
2127,오마이걸
2128,진아름
2129,삼성증권
2130,박관천
2131,태풍 바비
2132,나비 
2133,한국 폴란드
2134,부처님오신날
2135,남보라
2136,추석특선영화
2137,로또824회당첨번호
2138,볼리비아
2139,붉은달 푸른해
2140,mlb
2141,재가
2142,최규선
2143,정휘
2144,터보
2145,영천 산불
2146,어나니머스
2147,동암역
2148,2019 kbs 연예대상
2149,국회법개정안 내용
2150,김건모 
2151,이루다
2152,더블유
2153,엘시티
2154,인디펜던스 데이: 리써전스
2155,업비트
2156,엘렌 페이지 
2157,텍사스 전기톱
2158,사전투표율
2159,더킹 결방
2160,목격자
2161,원더걸스
2162,jtbc 대선후보 토론회
2163,불어라 미풍아
2164,러시아
2165,문정원 
2166,2018 월드컵
2167,김비오
2168,한샘 성폭행 
2169,안내상
2170,맨홀
2171,김희정
2172,변신
2173,심은진
2174,스마트초이스
2175,기생충
2176,축구아시안컵 
2177,이나은
2178,대구 이월드
2179,한국 러시아
2180,암사역
2181,이대 백반집
2182,정승환
2183,김광진 국회의원
2184,8억칫솔 무료체험
2185,김형준
2186,여자 월드컵
2187,입하
2188,홍정욱 딸
2189,안녕하세요
2190,부마민주항쟁
2191,2018 아시안 게임
2192,메이웨더 맥그리거
2193,남원상사
2194,에디킴
2195,배지현 아나운서
2196,길태미
2197,인텔
2198,로또941
2199,김민정 아나운서
2200,신동진
2201,산후조리원
2202,사전투표 방법
2203,스윙스
2204,김혜수
2205,조병규 
2206,위메프
2207,로또 926회
2208,신혜원
2209,홍준표 대선 출마 선언
2210,김평화
2211,라디오 스타
2212,양진호
2213,불꽃축제
2214,살인의추억
2215,백종원
2216,김소정
2217,김성령
2218,n번방 26만명
2219,이인제
2220,굿와이프
2221,기억
2222,로또846회당첨번호
2223,개헌
2224,김재근
2225,쇼핑왕 루이
2226,트와이스 
2227,한현민
2228,국정화
2229,황하나 남편
2230,멜론 뮤직어워드
2231,솔지
2232,여자월드컵
2233,샘김
2234,이자스민
2235,고품격 짝사랑
2236,코인원
2237,정운택
2238,재심
2239,전여옥
2240,디아크 전여친
2241,슬기로운 의사생활 결말
2242,정규재tv
2243,안드레 고메즈
2244,장영실
2245,에비앙 챔피언십
2246,365 운명을 거스르는 1년
2247,WTI
2248,태풍 마리아
2249,김보름
2250,칠석
2251,마장면
2252,김선호
2253,두산인프라코어
2254,펜트하우스 드라마
2255,장희진
2256,새해 첫날 
2257,우창범
2258,신경섬유종
2259,이영범
2260,카바니
2261,세월호 청문회
2262,조현민
2263,헝가리
2264,근로장려금
2265,어남택
2266,최율
2267,검은사막m
2268,런던 테러
2269,코로나있다
2270,한지상
2271,대학교 학과 테스트
2272,20세기 소년소녀
2273,최무배
2274,김승우
2275,이필립
2276,데드암
2277,숀코네리
2278,맥그리거
2279,손흥민
2280,조현영 
2281,슬기로운 의사생활 스페셜
2282,손흥민 골
2283,정세진 아나운서
2284,화이트데이
2285,국민의당
2286,용띠클럽
2287,미미쿠키
2288,김미루
2289,종현 조문
2290,한혜연
2291,北위협 대비
2292,836회 로또당첨번호
2293,백남기
2294,로드fc 
2295,텔레그램 n번방 
2296,김수지
2297,바르셀로나 빌바오
2298,마이펫의 이중생활
2299,심야괴담회
2300,한일 군사정보보호협정
2301,위대한 쇼
2302,스콜라리
2303,비소
2304,이유정
2305,동지
2306,임우재
2307,탑텐
2308,복면가왕 큐피드
2309,배상문
2310,혜경궁 김씨
2311,오승환
2312,웅동학원
2313,바르셀로나
2314,구혜선 하차
2315,유빈
2316,신서유기3 
2317,현대모비스 채용
2318,금붕어 테스트
2319,남보원
2320,고민시
2321,택시 박지영
2322,태양의 후예
2323,힘찬
2324,타노스
2325,인터넷지로
2326,마녀사냥
2327,김영애
2328,전지윤
2329,비정상회담
2330,한초원
2331,돌아온황금복
2332,표창원 현수막
2333,스카이캐슬
2334,이용대
2335,그것이 알고 싶다 세월호
2336,코파 아메리카 2016
2337,로또828회당첨번호
2338,수능
2339,토트넘 레스터
2340,벨기에 잉글랜드
2341,하일성
2342,UFC
2343,로또710회 당첨번호
2344,페이인포
2345,손담비
2346,최진호
2347,성매매연예인
2348,별똥별
2349,양준일 부인
2350,화성연쇄살인사건
2351,신원호
2352,미래일기 
2353,설날 인사말
2354,나혼자산다 전현무
2355,민경욱
2356,힙합
2357,윤미향
2358,토레스
2359,오재일
2360,차은택
2361,황치훈
2362,담배값인상
2363,군함도 
2364,협상
2365,이광필
2366,아기천사 복면가왕
2367,뉴질랜드 지진
2368,총경
2369,한국 중국 축구
2370,코미팜
2371,대한민국 만세
2372,로또902
2373,임태훈
2374,김아랑
2375,재난지원금 조회
2376,백종원의 골목식당 국수
2377,조세호
2378,맥딜리버리
2379,나를돌아봐
2380,강남구청장
2381,레오나르도 디카프리오
2382,양준혁
2383,유명당구선수
2384,아름다운 당신
2385,월드컵 대진표
2386,장웨이제
2387,로또 766 회 당첨 번호
2388,냄비
2389,스카이에듀
2390,서남용
2391,토트넘 크리스탈팰리스
2392,하얀트리
2393,나쁜형사
2394,제주 4.3
2395,이재명
2396,민팃중고폰ATM
2397,주간아이돌 워너원
2398,공조7 이경규
2399,김선영
2400,신지
2401,주옥순
2402,안민석
2403,샤이니 종현
2404,더유닛
2405,범죄도시
2406,안철수 유치원
2407,황교안
2408,코로나 격상
2409,김진솔
2410,유빗
2411,리니지2 m
2412,선풍기 아줌마
2413,오동민
2414,왕빛나
2415,논산 여교사
2416,리우올림픽 축구
2417,닥터스7회
2418,흑사병
2419,인벤
2420,막돼먹은 영애씨 시즌17
2421,유아인 테슬라 
2422,계절밥상
2423,컬링 결승전
2424,유승호
2425,김도훈
2426,3차 재난지원금 신청 
2427,임이자
2428,제리케이
2429,크리스마스 영화
2430,박근혜
2431,이솜
2432,하하 별 둘째 득남
2433,햄버거병 
2434,김현주
2435,박봄 리즈
2436,안인득
2437,동계 아시안게임
2438,여배우 사망
2439,N95 마스크
2440,갑수목장
2441,로또842당첨번호
2442,847회 로또 당첨 번호
2443,태국 동굴
2444,정다은
2445,안동 산불 
2446,이시원
2447,하희라 딸
2448,로또 905회
2449,최파타 고은성
2450,콩고왕자 라비
2451,북한 
2452,고은아 
2453,로또655회당첨번호
2454,한국 이란 
2455,안톤 옐친
2456,후쿠하라 모네
2457,#NAME?
2458,853회 로또당첨번호
2459,김지원
2460,몬스터 헌터 월드
2461,육지담
2462,로버트할리
2463,곽시양
2464,화폐개혁
2465,전민우
2466,차태현 윤손하
2467,이건령 검사
2468,로또841회당첨번호
2469,셔누 사진
2470,박유선
2471,양수진
2472,월드컵 결승전
2473,황보라
2474,중앙선거관리위원회
2475,스페이스 a
2476,양희은
2477,성현아
2478,19호 태풍
2479,미스티 
2480,베테랑
2481,태국 국왕
2482,정혜성
2483,정상 회담 생중계
2484,박연차
2485,디지털교도소
2486,이태원 아이돌
2487,@나혼자산다
2488,도깨비 15회
2489,문정희
2490,박주호
2491,이재영
2492,프로듀스101
2493,택시파업
2494,정몽준
2495,이창명
2496,워터파크
2497,이지은 사망
2498,862회 로또당첨번호
2499,추석 TV
2500,2017 멜론뮤직어워드
2501,전현무 이혜성 
2502,가화만사성
2503,구명환
2504,김희영
2505,Mbti 연애유형
2506,유니세프 자선경기
2507,여상규 
2508,나훈아 콘서트
2509,신의직장
2510,월드컵 조별순위
2511,장희웅
2512,입동
2513,박지훈
2514,스타크래프트
2515,동네변호사 조들호
2516,효민
2517,송하늘
2518,엑스원
2519,남자친구 결방
2520,정두영
2521,노태우
2522,버팀목자금플러스
2523,이대우
2524,처용2
2525,기성용 
2526,새희망자금홈페이지
2527,권리세
2528,코로나 맵
2529,백승주
2530,869회 로또 당첨 번호
2531,알 수도 있는 사람
2532,독감주사 사망
2533,칠레 외교관
2534,있지
2535,최준희 
2536,스타워즈 라스트제다이
2537,택시운전사
2538,트랩
2539,안소희
2540,김태훈
2541,임지안
2542,리버풀 대 바르셀로나
2543,어벤져스 엔드게임 예매
2544,현대중공업 채용
2545,김정남
2546,닥터 프리즈너
2547,고래회충
2548,황금주머니
2549,코리아 세일 페스타
2550,론다 로우지
2551,커크김
2552,태양의후예
2553,구미시장
2554,이영학
2555,그리핀 
2556,텔레그램
2557,김지영
2558,버닝썬 영상
2559,기무라타쿠야
2560,안철수 대선출마
2561,ufc209
2562,인피니트
2563,한예슬
2564,부암동 복수자들
2565,타히티 지수
2566,정유라 변호사 돌연사
2567,김태균
2568,문정인
2569,운명과 분노
2570,하만
2571,우한 폐렴
2572,에이즈
2573,김영근
2574,유상무 
2575,mc그리
2576,임원희
2577,레알마드리드 리버풀
2578,토다이
2579,몬스터
2580,박기량 
2581,ufc196
2582,한국 멕시코
2583,김태현
2584,탑씨
2585,이철희
2586,브리티시 여자오픈
2587,부르스타
2588,판문점 선언
2589,가디언즈 오브 갤럭시
2590,이종석
2591,혜리
2592,박근혜 전 대통령 구속 수감
2593,한중축구
2594,위쳐3
2595,김우주
2596,베트남 북한 축구
2597,이태원클라쓰
2598,비긴어게인2
2599,한센병
2600,강타 
2601,둠피스트
2602,밸런타인데이
2603,719회 로또 당첨 번호
2604,염따 후드티
2605,831회 로또 당첨 번호
2606,안동산불
2607,디스패치
2608,담배값 인하
2609,이명박 
2610,차예련 
2611,남자 양궁 개인전
2612,일본 이라크
2613,양천경찰서 
2614,하태경
2615,KF-21
2616,탁현민
2617,설리
2618,2017 수능 등급컷
2619,윤하
2620,2016 mama
2621,정찬성 로드리게스
2622,전근향
2623,임금피크제
2624,최사랑
2625,제보자들
2626,올림픽축구
2627,조국 
2628,고은
2629,차움병원
2630,영주
2631,한다감
2632,공항 가는 길
2633,셀레브
2634,박근혜 귀가
2635,청춘 익스프레스
2636,ufc205
2637,소한
2638,태양의 후예 10회
2639,이재명 문재인
2640,미래통합당
2641,김을동
2642,복면가왕
2643,카카오 카풀
2644,김화란
2645,황재근
2646,어셈블리
2647,방탄소년단
2648,치즈인더트랩 
2649,싸이 대디
2650,sk건설
2651,힛 더 스테이지
2652,절대 그이
2653,홍종학
2654,KT 환급금 조회
2655,나영석
2656,금광산
2657,한주완
2658,유럽증시
2659,로또 914회
2660,한국 호주
2661,오거돈
2662,19번째 확진자
2663,이해인 소속사 퇴사
2664,이동욱
2665,장예은
2666,코로나 예방수칙
2667,유역비
2668,8강 대진표
2669,한채영
2670,조국 교수
2671,한비야
2672,이영현
2673,브래드 피트
2674,김숙
2675,유흥탐정
2676,요요미
2677,블랙수면방
2678,이정현 장 지진다
2679,디지털 교도소
2680,밥딜런
2681,773회 로또 당첨 번호
2682,식약처
2683,여자 컬링 결승
2684,발칙한 동거
2685,함부로 애틋하게 
2686,로또866회당첨번호
2687,한선태
2688,뜻밖의 Q
2689,부산 산사태
2690,빅뱅 에라 모르겠다
2691,월드시리즈 
2692,강동원
2693,신종령 
2694,전진
2695,터널 
2696,태풍 노루 경로
2697,퐁당퐁당러브
2698,로또 928회
2699,msi
2700,밀양
2701,김무성 
2702,소녀시대 유리
2703,대림동 여경
2704,전미선 빈소
2705,VX
2706,윤진서
2707,설현 
2708,지진 대피요령
2709,쇼미더머니4
2710,이보영 이상윤
2711,로또 948회
2712,내 투표소 찾기
2713,한성주 
2714,리틀 포레스트
2715,식스센스
2716,몰카 개그맨
2717,손지창
2718,전희경
2719,최강 배달꾼
2720,성은채
2721,이태원 클라쓰 15회 예고
2722,최신종
2723,서수연
2724,윤보미
2725,뉴질랜드
2726,안투라지
2727,제주 카니발 폭행
2728,지연수
2729,워너원 조작 멤버
2730,우리은행 
2731,손태영
2732,포트나이트
2733,류승우
2734,구준회
2735,삼합회
2736,필리핀 태풍
2737,진해성
2738,필리핀 화산 폭발
2739,카카오게임즈
2740,서해순
2741,도태호
2742,만민중앙교회
2743,유선
2744,로또916회
2745,최순실
2746,경기지역화폐
2747,펜트하우스 스페셜
2748,채민서
2749,대구 폭행
2750,박세준
2751,플레이어
2752,스타케미칼
2753,브레이브걸스 
2754,티몬 크리스피크림
2755,유나이티드항공
2756,뫼비우스
2757,외부자들
2758,배용준 피로연
2759,강남역 묻지마
2760,쥬라기월드
2761,노소영
2762,위택스 홈페이지
2763,차례상
2764,이정현
2765,홍기준
2766,응답하라 1988 6회
2767,한국 네덜란드
2768,서초동 집회
2769,발렌시아 구단주 딸
2770,트럼프
2771,혼자왔어요
2772,제주 실종 여성
2773,이근 성추행
2774,로또873
2775,스텔라 
2776,천경자
2777,박상영
2778,황찬호
2779,박지희 아나운서
2780,선거결과
2781,원종건
2782,사흘
2783,고수정
2784,리디아 고
2785,샤넌
2786,너땜에
2787,톰 히들스턴
2788,수상한 파트너
2789,한예슬 남자친구
2790,로저 페더러 
2791,허영지
2792,최윤희
2793,명지대
2794,슈퍼스타k7
2795,승리
2796,아모레퍼시픽 채용
2797,김형오
2798,조민기 카톡
2799,두니아
2800,현대엘리베이터
2801,신재은
2802,딘
2803,올림피아코스 대 토트넘 
2804,김용준
2805,봉구
2806,월드컵 조추첨 
2807,로또 749당첨번호
2808,타인은 지옥이다
2809,토트넘 셰필드
2810,홍사덕
2811,레츠코레일
2812,사바하
2813,특검 연장
2814,최순실 
2815,지진경
2816,김비서가 왜 그럴까
2817,박혜원
2818,문지애
2819,대종상영화제 
2820,이영자
2821,멕시코 전
2822,킹치메인
2823,백조클럽
2824,전소미
2825,녹두꽃
2826,지오스톰
2827,조국구속
2828,사랑의 온도
2829,신주평
2830,퀴어축제
2831,전병헌
2832,조명섭
2833,동호
2834,미국 중간선거 
2835,아름다운당신
2836,유영민
2837,텐진 폭발
2838,마스크
2839,한영애
2840,포켓몬GO
2841,최수정
2842,로또당첨번호
2843,배틀필드 2042
2844,제주공항
2845,장현수 
2846,원희룡
2847,스파이더맨 파 프롬 홈
2848,로또672회당첨번호
2849,더 크로스
2850,코인제스트
2851,미세먼지
2852,대박 
2853,신의한수
2854,K팝스타5
2855,HOT
2856,신서유기2
2857,지소미아 
2858,문명특급
2859,20세기 소년 소녀
2860,당신은 선물
2861,이승원
2862,한국 우즈벡
2863,우병우 영장 기각
2864,김명훈
2865,exid
2866,이해욱
2867,손흥민 태클
2868,김준호
2869,이가은
2870,김유빈
2871,하시모토 칸나
2872,정유미
2873,랜섬웨어 
2874,황금종려상
2875,배럴
2876,로또708회 당첨번호
2877,Kimchi
2878,임세령
2879,코로나19 3단계
2880,이석수
2881,주민등록번호 클린센터
2882,김아림
2883,토트넘 유벤투스
2884,차이나는 클라스
2885,유로 2016 
2886,아반떼ad
2887,n95마스크
2888,2017 sbs 연기대상
2889,정인이 사건
2890,최창엽
2891,계좌통합관리 서비스
2892,2020 트롯 어워즈
2893,유지니
2894,맨유 웨스트햄
2895,전국체전
2896,애프터스쿨
2897,장시호 
2898,안수민
2899,현대건설 채용
2900,신지수
2901,홋카이도
2902,태국 총기난사
2903,낭만닥터 김사부 19회
2904,웰컴2라이프
2905,소피마르소
2906,반민정 
2907,이별이 떠났다
2908,아르헨티나
2909,디어클라우드 나인
2910,독일 멕시코
2911,고백부부
2912,막돼먹은 영애씨 시즌14
2913,익산 지진
2914,송중기 박보검
2915,송유빈 김소희
2916,안승진
2917,주예지
2918,에이치엘비
2919,변희재
2920,공유
2921,호날두
2922,눈이 부시게 드라마
2923,케이
2924,의사 요한
2925,윤소정
2926,카투사
2927,승리 카톡
2928,박정현
2929,미스터리신입생
2930,휴면계좌통합조회
2931,음문석
2932,권은희
2933,일본 태풍
2934,구해줘 2
2935,공항가는길
2936,차은택 
2937,박은빈
2938,성락교회
2939,김정숙 여사
2940,판빙빙 
2941,제일모직
2942,왕이된남자
2943,함중아
2944,로또 811
2945,부산 일가족
2946,박석민
2947,총각네 야채가게
2948,정영식
2949,관악산
2950,로즈데이 
2951,모노
2952,다나
2953,히든프라이스
2954,이현경
2955,빌게이츠 이혼
2956,김연지
2957,김민정
2958,게임스탑 
2959,미우라 하루마
2960,메이웨더
2961,차인하
2962,녹농균
2963,필리핀 지진
2964,크로아티아 대통령
2965,올리브영 올영세일
2966,bj김옥분 
2967,디아 프램튼
2968,한국 아르헨티나
2969,최영미 시인
2970,아이콘
2971,868회 로또 당첨 번호
2972,광주 폭행
2973,키스먼저할까요
2974,보이스 3
2975,차이슨
2976,윤손하
2977,채정안
2978,박서준
2979,이시언
2980,최재우
2981,롤드컵
2982,히포크라테스 기질테스트
2983,김영아
2984,라멜라
2985,장시환
2986,승리 카톡 
2987,유명희
2988,장용준
2989,역적 
2990,밀라 요보비치
2991,미치겠다
2992,분노의질주 홉스앤쇼
2993,링링
2994,예은
2995,조정민
2996,별이 되어 빛나리
2997,트럼프 메르켈
2998,한상균
2999,투표 인증샷
3000,조두순 얼굴
3001,조응천
3002,안젤리나 다닐로바
3003,메이플 
3004,오사카 지진
3005,루왁인간
3006,인터파크
3007,파맛첵스
3008,평창 롱패딩
3009,닐로
3010,미 대선
3011,이상윤
3012,정다은 아나운서
3013,온주완
3014,임영웅
3015,스케치
3016,축구
3017,김규선
3018,NBC
3019,손혜원 의원
3020,라스트
3021,용팔이 
3022,펜트하우스 
3023,오스트리아
3024,톱텍
3025,신해철
3026,518 기념식
3027,소상공인버팀목자금신청
3028,V4
3029,패혈증
3030,쯔위
3031,온두라스
3032,G20
3033,메가박스
3034,침화사
3035,나쁜녀석들2
3036,드라마 초콜릿
3037,위메프 더블특가
3038,엑시
3039,위대한 유혹자
3040,시노자키 아이 
3041,진서연
3042,진아름 
3043,울산현대
3044,주식 갤러리
3045,서울대병원 161명 
3046,고준희 실종
3047,블랙 
3048,황희
3049,아시안게임
3050,덕천 지하상가
3051,예정화 
3052,허송연
3053,인생술집
3054,찬열 로제
3055,정담이
3056,이유리
3057,미스트롯2 
3058,함소원
3059,김종인 대선출마 선언
3060,비 김태희 커플 화보
3061,송범근
3062,정마담
3063,통화스와프
3064,효린 학폭
3065,박근혜 탄핵
3066,김희선
3067,김원준
3068,다산신도시
3069,로또889회당첨번호
3070,파운드 환율
3071,마녀의 성
3072,비스트
3073,이근 빚투
3074,황석정
3075,조말생
3076,소상공인 새희망자금
3077,안영미
3078,비와이
3079,백석역
3080,러시아 사우디 하이라이트
3081,구민지
3082,2018 러시아 월드컵 최종예선
3083,한번 다녀왔습니다
3084,이철성
3085,김연아
3086,한일전 축구
3087,티맥스
3088,프로듀사 시청률
3089,티빙
3090,신지예
3091,복면검사
3092,빅텍
3093,750회 로또 당첨 번호
3094,여영국
3095,김민준
3096,류준열
3097,척준경
3098,송민서
3099,도지원
3100,김운하
3101,지방시
3102,정의당
3103,U-20) 월드컵
3104,김성훈
3105,이왕표
3106,내부자들
3107,위메프 패션 두번할인
3108,츄 학폭
3109,안철수 포스터
3110,정의선
3111,로또 936회
3112,코로나 항체
3113,이상호
3114,김영애 빈소
3115,스칼렛 요한슨
3116,숙종
3117,노영희
3118,오렌지 마말레이드
3119,노이어
3120,이현이
3121,박정민
3122,로또 812
3123,신은경
3124,철도 파업
3125,대구 여고생 자유발언 동영상
3126,김가연
3127,윰댕
3128,막돼먹은 영애씨
3129,불한당
3130,아웃사이더
3131,함연지
3132,너의 목소리가 보여 시즌2
3133,모란봉악단
3134,여고생 집단폭행
3135,이미지
3136,김준수
3137,김혜리
3138,김혜수 
3139,김한길
3140,추석영화
3141,낙성대 의인
3142,박진희
3143,로또863회당첨번호
3144,정양
3145,미탁 경로 
3146,송대익
3147,여은
3148,청춘시대2
3149,박열
3150,뇌수막염
3151,메르스증상
3152,김종대
3153,차명욱
3154,김장훈
3155,이필모
3156,김상현
3157,평양올림픽
3158,설민석
3159,김슬기
3160,빅히트
3161,성남 어린이집 성폭행
3162,메르스 
3163,종근당
3164,복수가 돌아왔다
3165,3년 만에 떠오른 세월호
3166,로또 761 회
3167,고영주
3168,서울시 공무원 원서접수
3169,안재현 
3170,프니엘
3171,조현아 
3172,프리스트
3173,입춘
3174,13호 태풍 링링 
3175,문근영
3176,2019 SBS 연기대상
3177,SK이노베이션
3178,아이폰 11
3179,토트넘 아스톤빌라
3180,일본 베트남
3181,서성종
3182,미스터트롯
3183,황의조
3184,솔레이마니
3185,김경숙
3186,서민형안심전환대출
3187,변진섭
3188,이석현
3189,쌍둥이자리 유성우
3190,이태원클라쓰 
3191,이병재 탓
3192,살충제 계란 번호 
3193,나한일
3194,석현준
3195,V50
3196,미씽나인
3197,코피노
3198,한동훈
3199,유인나
3200,2016 mbc 연예대상
3201,부산 교통사고
3202,지소미아
3203,나 혼자 산다 박나래
3204,득녀 이용대
3205,사보임뜻
3206,잉글랜드
3207,다프트펑크
3208,세월호 구름
3209,불의 고리
3210,김동성
3211,응답하라 1988 16
3212,이재명 
3213,이사배
3214,장산범
3215,메르스 마스크
3216,허동원
3217,펜트하우스
3218,김진야
3219,스파이더맨 파프롬홈 쿠키
3220,한지은
3221,이승헌
3222,김혜진
3223,남희석
3224,정소민
3225,리포지드 
3226,내 뒤에 테리우스
3227,아이폰12 사전예약
3228,왕기춘
3229,양천경찰서
3230,로또864회당첨번호
3231,ufc199
3232,이세창
3233,한국 브라질
3234,하빕
3235,국정교과서
3236,비트코인 플래티넘
3237,841회로또 당첨 번호
3238,삼성 바이오로직스
3239,웬디
3240,광주 코로나
3241,금오공대
3242,부부의 세계 
3243,진달래 학폭
3244,등촌동 살인사건
3245,sia
3246,더 킹
3247,아이러브
3248,치마
3249,읶메뜨때션
3250,견미리
3251,설리 부검
3252,듀엣가요제
3253,유노윤호 
3254,가인
3255,2019 mbc 연기대상
3256,정세균
3257,곡성 공무원
3258,용팔이
3259,휘성 에이미
3260,문재인
3261,파파이스
3262,스테파니
3263,윤한덕 
3264,로또845회당첨번호
3265,쌍갑포차
3266,워킹 맘 육아 대디
3267,핼러윈
3268,신세경구스다운
3269,트랜스포머
3270,정신연령 테스트
3271,교육비원클릭
3272,한강실종
3273,AMD
3274,유희열의 스케치북
3275,우리가 만난 기적
3276,다크어벤저3
3277,송중기 송혜교
3278,리비아
3279,김진태 의원
3280,하석주
3281,동물농장
3282,음악대장
3283,현우진
3284,나홀로집에
3285,민욱
3286,탁재훈
3287,제주도 실종 여성
3288,김경수 보석
3289,이대호
3290,a형 간염 
3291,788회 로또번호
3292,임요환
3293,제시
3294,토스
3295,민식이법
3296,로또867
3297,돈스코이호
3298,남자친구
3299,별난며느리
3300,민중총궐기 
3301,장제원 
3302,프리미어12
3303,맨유 뮌헨 레전드매치
3304,나연이엄마
3305,w
3306,곽현화
3307,대종빌딩
3308,한국 바레인
3309,공인인증서 폐지
3310,2016 mbc 연기대상
3311,워터파크 몰카 
3312,현영철
3313,거북선
3314,명지병원
3315,정민경
3316,힐러리
3317,이진호
3318,부동산대책
3319,손세이셔널
3320,심은하
3321,오마이금비
3322,윤손하 
3323,강은탁
3324,류샤오보
3325,아비에무아
3326,2019 4월 모의고사
3327,노무현
3328,정윤회
3329,로또948회당첨번호
3330,청년경찰
3331,용인 메르스
3332,태연 교통사고
3333,박경락
3334,추분
3335,지성준 
3336,임지규
3337,추석인사말
3338,긴급재난지원금
3339,신세경 윤보미
3340,최현주
3341,푸른바다의 전설
3342,사회적 거리두기 
3343,편의점 샛별이
3344,이문열
3345,박정태
3346,양정원
3347,브리트니 스피어스
3348,레이디스코드
3349,이소율
3350,코로나19 국내현황
3351,골로프킨 알바레즈
3352,김성주 
3353,장리
3354,운빨로맨스
3355,박주원
3356,사이판 섬
3357,트릭스터M
3358,현진영 
3359,송도맥주축제 2015
3360,나다은
3361,우리집에 사는 남자
3362,최성해
3363,배틀그라운드 모바일
3364,김의겸
3365,e학습터
3366,중복
3367,김태호의원
3368,어쩌다 18
3369,정우식
3370,사이판
3371,이효재
3372,왕대륙
3373,강릉 산불
3374,레임덕
3375,심소영
3376,최재경
3377,라젠카
3378,박철상
3379,엘소드
3380,명왕성
3381,한국 미얀마
3382,재재
3383,의사요한 
3384,이선빈 
3385,부부의세계
3386,스테파니 미초바
3387,조병규
3388,대일민국
3389,우토로 마을
3390,오도어
3391,sbs연기대상
3392,에어서울
3393,펭귄문제 
3394,안동 산불
3395,로또905회당첨번호
3396,CGV
3397,퐁당퐁당 러브
3398,와타베 켄
3399,김병철
3400,9월 모의고사
3401,김남준
3402,김영환
3403,대구 메르스
3404,곽민정
3405,240번버스
3406,블랙스완 혜미
3407,펜트하우스시즌3
3408,김이브 윰댕
3409,스테파니 리
3410,신혜원 
3411,임진왜란 1592 
3412,윤영찬
3413,김재욱
3414,프랑스 벨기에
3415,금시세
3416,서두원
3417,안재현 인스타
3418,아메리칸 울트라
3419,석란정
3420,명불허전
3421,김수현
3422,유제이
3423,맥그리거 하빕 하이라이트
3424,양팡
3425,버즈
3426,정우영
3427,최태준
3428,조동진
3429,스페이스X
3430,나현희
3431,우병우 구속영장 청구
3432,양파
3433,진종오
3434,대만 린사모
3435,내진설계
3436,황민
3437,우주소녀 보나 최고의 한방
3438,소피아
3439,삼성바이오로직스
3440,천호진
3441,우혜미
3442,846회 로또 당첨 번호
3443,응옥찐
3444,보더랜드
3445,김소영
3446,인용
3447,대선 토론회
3448,정부24
3449,보이스 
3450,하야 뜻
3451,달샤벳
3452,최홍만 마이티모
3453,남북고위급회담
3454,조하나
3455,유웨이어플라이
3456,sg워너비
3457,조민
3458,조성규
3459,미나미노
3460,이성곤
3461,장성우 박기량
3462,이진
3463,김과장
3464,마미손
3465,광주
3466,사이버국가고시센터
3467,오지은
3468,원세훈
3469,오버워치
3470,주진모 
3471,청주
3472,로또854회당첨번호
3473,포항여진
3474,김래원
3475,유재석
3476,1박2일
3477,정규재
3478,육룡이 나르샤
3479,당신이 잠든 사이에
3480,박동원
3481,태풍 타파 
3482,박상철
3483,포켓몬 go
3484,거리두기 4단계
3485,FOMC 
3486,정재용
3487,로또 910회
3488,리니지
3489,최두호
3490,이던
3491,혼다 s660
3492,이하늬 
3493,미국 대선 결과 
3494,블랙프라이데이
3495,날씨예보
3496,현대차 17만대 리콜
3497,독일 이탈리아
3498,말리
3499,아이돌학교
3500,모더나 관련주
3501,배가본드
3502,인분교수
3503,빅뱅 뱅뱅뱅
3504,어셔
3505,샘 오취리
3506,ios10
3507,토트넘 본머스
3508,조현아 동영상
3509,김성태 
3510,조수향
3511,열살차이
3512,100분 토론
3513,풍등
3514,양현석
3515,탄핵심판
3516,한강실종대학생
3517,홍콩 태풍
3518,민중총궐기
3519,이승철
3520,태풍 종다리 
3521,길선미
3522,병무청 
3523,AWS
3524,서민정
3525,김평우 변호사
3526,프로포폴
3527,유아인 집
3528,노현정
3529,이영돈
3530,한글날맞이 제이데이
3531,폰폰테스트
3532,김지석
3533,로또832회당첨번호
3534,터널 이은미 작가
3535,슈퍼볼
3536,퍽
3537,몰몬교
3538,권상우
3539,843회 로또 당첨 번호
3540,나를 돌아봐
3541,국가장학금
3542,황은정
3543,양준일
3544,2016 kbs 연예대상
3545,오상진
3546,나는 자연인이다
3547,한채아
3548,신천지교회
3549,태항호
3550,같이 펀딩
3551,진학어플라이
3552,스타벅스 서머레디백
3553,박지윤
3554,ufc213
3555,김의겸 
3556,엑소스 히어로즈
3557,중국열병식
3558,학교 개학 연기 4월 
3559,그리스
3560,다시 만난 세계
3561,타임즈
3562,남한산성
3563,한정석
3564,우병우 
3565,박병호 홈런
3566,예정화
3567,싹쓰리 음악중심
3568,크리스마스 캐롤
3569,전태관
3570,소율
3571,쑥대머리
3572,나탈리아 보디아노바
3573,안철수 딸
3574,쇼미더머니 777
3575,토미 페이지
3576,이태곤
3577,상류사회 
3578,토트넘 바르셀로나
3579,이다희 아나운서
3580,머그샷
3581,박희순
3582,윤창호
3583,최설화
3584,태풍 미탁 
3585,부부의세계 2회
3586,채동욱
3587,이의정
3588,하이라이트
3589,김보름 
3590,싱어게인 
3591,카라
3592,장제원 의원
3593,김일곤 검거
3594,하시마섬
3595,SRT 
3596,런던 화재
3597,장미
3598,양예원 카톡
3599,보니하니 폭행
3600,제네시스 EQ900
3601,전현무 
3602,주니퍼
3603,고등래퍼 3
3604,김윤정
3605,로또887회당첨번호
3606,일기예보
3607,설현
3608,알쓸신잡3
3609,트럼프 시진핑 북핵 심각한 단계
3610,저 하늘에 태양이
3611,이상형 만들기
3612,문재인 주적
3613,옵션열기 
3614,장성희
3615,황병승
3616,원더보이즈
3617,로또692
3618,베네수엘라
3619,사이버 국가고시센터
3620,안재홍 송하윤
3621,디아블로 이모탈 
3622,V30
3623,로또952회
3624,알함브라 궁전의 추억
3625,g20
3626,이태원 클라쓰
3627,윾튜브
3628,김경수 
3629,계엄령
3630,리치맨
3631,4차 재난지원금 
3632,김새롬
3633,한국 베트남
3634,맨시티 첼시
3635,대한민국 볼리비아
3636,조우종
3637,토트넘 레스터시티
3638,지성
3639,안바울
3640,로또 932회
3641,최강욱
3642,90년대 인기가수 갑질
3643,쌈마이웨이 
3644,아이랜드
3645,윤형빈
3646,코로나라이브
3647,크림히어로즈
3648,이국주
3649,웜비어
3650,걸스데이 링마벨
3651,정영진
3652,일본 축구
3653,아멜리
3654,태풍 위치
3655,강원래
3656,천애명월도
3657,아는 형님 헨리
3658,김현성
3659,조미녀
3660,이용대 유연성
3661,다이아
3662,권오중 아들 발달장애
3663,로또 929회
3664,육도령
3665,서청원
3666,내 친구의 집은 어디인가
3667,월드컵 조 추첨
3668,돈꽃
3669,조승현
3670,칠레 아르헨티나
3671,나 혼자 산다
3672,이슬비 대위
3673,함승희
3674,간신
3675,도플싱어가요제
3676,이원종
3677,로또 920회
3678,사상누각
3679,최민용
3680,스위치
3681,조국수호검찰개혁 
3682,비리유치원 명단
3683,김창호 
3684,위메프33데이
3685,봄이 온다
3686,경우의 수
3687,권도운
3688,최태민 목사
3689,문문
3690,정전기 필터
3691,이미소
3692,전현무 한혜진
3693,차은우
3694,BBQ
3695,서석구 변호사
3696,마리텔 안정환 
3697,김혜성
3698,여우각시별
3699,곽시양 시카고 타자기
3700,2.28 민주운동
3701,블레이드 앤 소울 레볼루션
3702,공인중개사 시험
3703,쓱닷컴 국민용돈 100억
3704,김시온
3705,신과함께 2 
3706,나이스
3707,이재훈
3708,cnn
3709,강서구 피시방
3710,송현정기자
3711,한유총 
3712,정보석
3713,닥터스
3714,오연서
3715,김홍걸
3716,제주도 카니발 폭행
3717,파월 의장
3718,정배우 
3719,카시니 탐사선
3720,평창유감
3721,eu 국가
3722,누드펜션
3723,오승윤
3724,홍자
3725,우간다
3726,할로윈데이
3727,우리결혼했어요
3728,난닝구
3729,주상욱
3730,오원춘
3731,태풍 제비
3732,올레폰안심플랜
3733,최하민
3734,이상미
3735,국민은행
3736,김무성사위
3737,패딩
3738,이준서
3739,한국 브라질 축구
3740,수능만점자
3741,그녀의 사생활
3742,김혜경
3743,바다 결혼
3744,윤지혜
3745,웹툰 통
3746,프로야구순위
3747,blackouttuesday
3748,최일화
3749,조용원
3750,홍빈
3751,로또 927회
3752,이묵원
3753,조상우
3754,신안군
3755,조수현
3756,단오
3757,김이수
3758,이혜영
3759,라이젠
3760,서문시장불
3761,안병훈
3762,투표용지
3763,김정철
3764,강남패치
3765,박지선 빈소
3766,윤정희
3767,박한별 
3768,열병식
3769,김경숙 학장
3770,포항지진
3771,ufc207
3772,투표소
3773,조상경
3774,김제동
3775,개기일식
3776,황정음 이영돈
3777,제18호 태풍
3778,정경심교수얼굴
3779,강시후
3780,아소산 화산폭발
3781,엉두
3782,월드컵 8강 대진표
3783,빈센조
3784,이제동
3785,이성윤
3786,서울아산병원
3787,정준영 구속
3788,우결 공명 정혜성
3789,그냥 사랑하는 사이
3790,태풍 진로
3791,경기도 재난기본소득 홈페이지
3792,857회 로또당첨번호
3793,2020 설 특선영화
3794,아이유 단발
3795,배정남 
3796,김호영
3797,스카이캐슬 18회
3798,로또당첨번호조회
3799,서초구청장
3800,한국 스페인 
3801,장마
3802,라디오스타 페이커
3803,미세스캅
3804,로또856회당첨번호
3805,윤송이
3806,다대포해수욕장
3807,풍계리
3808,이청용
3809,조순제 녹취록
3810,계란
3811,배성범
3812,레르마
3813,불타는청춘
3814,릴리 메이맥
3815,정창욱
3816,바르셀로나 레알마드리드
3817,김국진
3818,민원24
3819,이재명 부인
3820,워마드 
3821,내귀에캔디
3822,구하라 남자친구
3823,허윤아
3824,갓세븐
3825,현대위아 채용
3826,KTX 개통 13년
3827,메이플스토리2
3828,성탄절
3829,서지원
3830,한일관 대표
3831,참좋은 여행사
3832,남북정상회담
3833,2019 크리스마스 
3834,애나
3835,최유정 변호사
3836,신의 직장
3837,주세종
3838,손길승
3839,한해
3840,전광훈
3841,코로나 확진자 
3842,치즈인더트랩
3843,아오이유우
3844,로또677회당첨번호
3845,민식이 부모
3846,신수지
3847,조윤희 이동건 딸
3848,허민
3849,881회 로또당첨번호
3850,크리스마스 
3851,어린이날 행사
3852,해운대 산불
3853,임슬옹
3854,정다은 
3855,추자현 
3856,보이프렌드
3857,최제우
3858,2016 리우 패럴림픽
3859,태풍위치
3860,북미 정상회담
3861,미스트롯2
3862,로또 940회
3863,캡틴아메리카 시빌워
3864,로또844회당첨번호
3865,최민수
3866,이윤지
3867,케이티 페리
3868,셧다운
3869,구혜선 인스타
3870,변혁의 사랑
3871,박근혜 300억
3872,평창 스니커즈
3873,임시공휴일
3874,양진호 
3875,한국 칠레
3876,이한위
3877,김홍일
3878,조코비치
3879,콜레라 증상
3880,윤대진
3881,아무로 나미에
3882,옵션열기
3883,북한 원전
3884,로이킴
3885,강정호
3886,백예린
3887,오 마이 베이비
3888,유담
3889,규현
3890,코글란
3891,스타쉽 엔터테인먼트
3892,한국콜마
3893,동행복권
3894,더불어민주당
3895,손여은
3896,호구성향테스트
3897,노르웨이 기상청
3898,더 서퍼스
3899,대성
3900,주진모
3901,멜론 뮤직어워드 
3902,정다래
3903,보호나라
3904,로또 913회
3905,정재홍
3906,한국사능력검정시험
3907,재일교포 여배우
3908,황희석
3909,속초시장
3910,하연수
3911,대선토론
3912,설리 
3913,크라운제이
3914,월드컵 경기일정
3915,사랑의 불시착 결말
3916,홍준표 
3917,박근혜 검찰
3918,정윤회아들
3919,양세형
3920,마이크로닷 부모
3921,하남시 구름
3922,아이사랑
3923,바로
3924,다이아 주은 솜이
3925,RTX 3080
3926,황승언
3927,은행 파업
3928,터키
3929,발렌타인 데이
3930,세징야
3931,디스코 엘리시움
3932,택시 파업
3933,대구날씨
3934,조정훈
3935,칼 라거펠트
3936,사전투표 장소 찾기
3937,한보름 
3938,수목드라마
3939,이영애
3940,정재원
3941,자동차세 연납 
3942,옥중화 
3943,연예대상
3944,그것이 알고싶다
3945,9호태풍 마이삭
3946,고든 램지
3947,국민연금
3948,로또 931회
3949,891회 로또당첨번호
3950,김병조
3951,수능등급컷
3952,프로포폴 연예인 
3953,권석창
3954,895회 로또당첨번호
3955,몽드드 물티슈
3956,톡하는대로
3957,강민경
3958,BJ 투신
3959,사드 배치
3960,지예
3961,송민호 겁
3962,구하라 동영상
3963,트럼프 코로나 확진
3964,문재인 출마선언
3965,김수미
3966,로또829회당첨번호
3967,우주안
3968,박원순 고소장
3969,김우빈
3970,알파고
3971,mbc 연기대상
3972,웅앵웅
3973,군함도
3974,지동원
3975,유희석
3976,나혼자산다 한혜진
3977,유상무 대장암 3기 판정
3978,김정태
3979,샤킬오닐
3980,정바비
3981,차현우
3982,518 민주화운동
3983,폰폰
3984,박희본
3985,조선일보 손녀
3986,752회 로또 당첨 번호
3987,숲속의 작은집
3988,안재홍
3989,849회 로또 당첨 번호
3990,나스닥 
3991,홍진영
3992,성심병원 
3993,fonfon
3994,구본임
3995,이현배
3996,강민호
3997,이춘재
3998,장기하
3999,884회 로또 당첨 번호
4000,이정후
4001,쇼미더머니6
4002,박근혜 구속
4003,황하나 연예인
4004,복면가왕 돌고래
4005,전승빈
4006,임지호
4007,남규리
4008,태풍경로
4009,안지영
4010,조선일보 손녀 
4011,위메프 블랙프라이데이
4012,대구 수돗물
4013,아르곤
4014,더케이투
4015,원빈
4016,하면된다 복면가왕
4017,쯔위사건
4018,이승윤
4019,정석원
4020,김구라
4021,곽정은
4022,마라도나 사망
4023,배설장군
4024,조혜정
4025,안다르 t데이
4026,졸피뎀
4027,공지영 
4028,신성일 사망
4029,메디톡스
4030,품위있는 그녀
4031,펠프스
4032,wto 
4033,삼성증권 
4034,윈도우 10
4035,가짜사나이
4036,박혜민
4037,스카이캐슬 17회
4038,팔선녀
4039,구혜선 인스타그램
4040,유아인 
4041,버스타고
4042,학원 여강사
4043,김현중 음주운전
4044,제네시스 g70
4045,이정미
4046,런닝맨 최민용
4047,ios11
4048,수란
4049,왕좌의 게임 시즌8 6화
4050,서정희
4051,고속도로교통상황
4052,박범계
4053,교학사 노무현
4054,18초
4055,에어팟 맥스
4056,박근핵 닷컴
4057,프로듀사
4058,미션임파서블5
4059,시크릿 마더
4060,그녀로 말할 것 같으면
4061,스승의날
4062,복면가왕 우비소녀
4063,와타나베 켄
4064,안성기
4065,뮤직뱅크
4066,강은일
4067,롯데리아
4068,혜경궁 김씨 사건
4069,송명근
4070,화이자
4071,일식
4072,윤균상
4073,김학의 동영상
4074,바람피면 죽는다
4075,스페인하숙
4076,율희 
4077,개천절
4078,축구 결승
4079,박진영
4080,달콤살벌 패밀리
4081,이주연
4082,이보영
4083,정시아
4084,정청래의원
4085,유승민 
4086,송송커플
4087,김혜은
4088,wbc
4089,변영주 감독
4090,MAMA
4091,리니지m
4092,사이코지만 괜찮아
4093,프리드로우
4094,조안
4095,수애
4096,페이코인
4097,이방원
4098,주승용
4099,한식대첩3
4100,시카고 타자기 임수정
4101,이아름
4102,페이커
4103,김흥국
4104,오 나의 귀신님
4105,G90
4106,하선호 
4107,윤상현 
4108,김보성 로드fc
4109,김충재
4110,조재현
4111,폭스바겐 제타
4112,탄핵 
4113,진솔
4114,몬스터헌터 라이즈
4115,프로듀스101 시즌2
4116,이윤진
4117,괴물
4118,대한민국 세네갈
4119,이재환
4120,2017 sbs 연예대상
4121,장하나 
4122,힐러리 클린턴
4123,위메프88특가
4124,미스코리아 2019
4125,이세돌
4126,내 방 안내서
4127,황후의품격
4128,장사의 신 - 객주 2015
4129,권혁수
4130,준케이
4131,아이비
4132,오윤아 
4133,로또885회당첨번호
4134,터치
4135,빅뱅
4136,최경환
4137,벨기에 일본
4138,하선호
4139,탁재훈 
4140,장제원
4141,손준호
4142,국세청 연말정산 간소화서비스 
4143,정진석
4144,정정아 아나콘다
4145,김영만
4146,구잘
4147,원신
4148,CVID
4149,욱씨남정기
4150,주호영
4151,김영철
4152,고등래퍼2 
4153,무림학교
4154,멜로가 체질
4155,로또897회당첨번호
4156,사주논리여행
4157,황인범
4158,피파온라인3
4159,싱어게인
4160,이재만
4161,제니
4162,마성의 기쁨
4163,대세는 백합
4164,2020 kbs 연예대상
4165,장삼봉
4166,권아솔 
4167,쌍방울
4168,조의연 판사 
4169,김병준 교수
4170,최순득 연예인
4171,설리 노브라
4172,금요일금요일밤에
4173,이나영
4174,비행소년
4175,태풍차바
4176,한민구
4177,그레이의 50가지 그림자
4178,정점식
4179,평창 올림픽 개막식
4180,돈 스파이크
4181,Beauty and the Beast
4182,광복절 행사
4183,머슬퀸 프로젝트
4184,오버워치 애쉬
4185,아질산염
4186,홍석현 중앙일보 JTBC 회장
4187,시빌워 
4188,표창원
4189,복면가왕 캣츠걸
4190,김민재
4191,트위치tv
4192,양세종
4193,이센스
4194,정지원
4195,사나
4196,예은 원더걸스 해체
4197,1987
4198,미니 건조기
4199,유승옥
4200,설날TV
4201,김학철 도의원 
4202,유승준 방송사고
4203,조현우
4204,콩레이 경로
4205,지디
4206,강레오
4207,세븐나이츠2
4208,잠원동 건물붕괴
4209,문보미
4210,로또898회당첨번호
4211,김희철 모모
4212,772회 로또 당첨 번호
4213,조준기
4214,송중기 아버지
4215,박소담
4216,니퍼트
4217,남북정상회담 시간
4218,몰카배틀
4219,고유정 사건
4220,테이
4221,최순실 대역
4222,한국사 능력시험
4223,빼빼로데이
4224,김주하
4225,성체
4226,맥그리거 하빕
4227,고속도로 통행료
4228,평창 온라인스토어
4229,김원중
4230,미스코리아 
4231,LPGA
4232,라라랜드
4233,아시아나항공
4234,여자월드컵 
4235,온시우
4236,아시아나
4237,국가장
4238,네이마르 사포
4239,레미콘 사고
4240,아델 
4241,bj감동란
4242,장하성
4243,BBC
4244,나혼자산다 결방
4245,하나카드
4246,수능시간
4247,에픽게임즈
4248,영생교
4249,한국시리즈 예매
4250,트러플 오일
4251,박선영
4252,임창정 내가 저지른 사랑
4253,심바자와디
4254,프로듀스48
4255,프로야구 순위
4256,자백
4257,홍준표 장인
4258,양희영
4259,현송월 
4260,박시은
4261,김승현
4262,서울백병원
4263,싱가포르
4264,그리즈만
4265,유경아
4266,동아제약
4267,류제국
4268,신동욱
4269,홍영기 
4270,투표
4271,이인성 교수
4272,icu
4273,CCTV 해킹
4274,썰전 추가 녹화
4275,원유철
4276,낸시랭 
4277,김영삼
4278,폭설
4279,하와이
4280,컬투쇼 지승현
4281,오세종 
4282,개리 동영상
4283,장지연 
4284,미세먼지 마스크
4285,권정열
4286,걱정말아요 그대 
4287,박민영 연우진 이동건
4288,이엘 김재욱
4289,푸른바다의 전설 15회
4290,조정린
4291,덮죽덮죽
4292,쇼미더머니8 4화 다시보기
4293,낙태죄
4294,롯데마트
4295,권순우
4296,로또838회당첨번호
4297,진용진
4298,라스푸틴
4299,비
4300,윤종신
4301,대구 새마을금고
4302,황교익
4303,콜드플레이 
4304,조인성
4305,채수빈
4306,컨소시엄 조건부 허용
4307,김연아 박근혜
4308,김기두 
4309,정우
4310,식목일
4311,잉글랜드 콜롬비아
4312,우체국
4313,산불
4314,더네임
4315,싱어게인 투표
4316,김학의동영상
4317,나인룸
4318,코미드
4319,세븐틴
4320,살충제 계란 번호
4321,박명수 둘째 유산
4322,브라운아이드소울
4323,고유정 
4324,정경심 교수 
4325,박혁권
4326,고성희
4327,초아
4328,복면가왕 하면된다
4329,대벌레
4330,김문수
4331,자유한국당 5행시
4332,박근령
4333,이혜원
4334,프린스
4335,조이
4336,코로나 
4337,스리랑카
4338,로또843회당첨번호
4339,임채무
4340,전기요금
4341,신서유기 3
4342,아시안게임 축구
4343,농협몰 
4344,김성재
4345,최숙현
4346,블레스
4347,이연복
4348,화요비
4349,한국 태국
4350,서가대
4351,몽고식품
4352,권다미
4353,오마이비너스
4354,김현철 정신과의사
4355,캐리 피셔
4356,테라 클래식
4357,쇼트트랙
4358,클레오
4359,이윤지오빠
4360,김경준
4361,구구단
4362,강식당
4363,이연걸
4364,데니스 텐
4365,한미모
4366,박인비
4367,이수경
4368,박카스남
4369,forest 
4370,양양고속도로 개통
4371,소상공인버팀목자금 신청
4372,장동민
4373,로또944회당첨번호
4374,윤유선
4375,만우절
4376,조남혁
4377,성동일
4378,집행검
4379,연애의 참견3 재연배우
4380,멜라니아
4381,심폐소생송
4382,안철수 지지 선언
4383,할례
4384,불계패
4385,김호중
4386,파사현정
4387,심영순
4388,고준
4389,허희수
4390,독일 프랑스
4391,로또 922회
4392,신소연
4393,그리스 국민투표
4394,이재정
4395,mc몽 
4396,야구 
4397,김우중
4398,코레일 채용
4399,조합장 선거
4400,김보성
4401,로이킴 
4402,란제리 소녀시대
4403,열파참
4404,직영주유소
4405,박광일
4406,키스데이
4407,비긴어게인
4408,리플 
4409,오늘의 탐정
4410,지는 석양을 바라보자
4411,이방카
4412,정찬성 댄 이게
4413,로또837회당첨번호
4414,내아이디는 강남미인
4415,공군부대 치킨
4416,나영석 정유미
4417,메이웨더 
4418,오혜리
4419,배종옥
4420,임지연
4421,김소현
4422,한정선
4423,근로장려금 신청자격
4424,스파오
4425,윤기원
4426,시리아 
4427,유미
4428,류승범
4429,박근혜 영장심사
4430,진천 
4431,송도 맥주축제
4432,로또 949회
4433,에디린
4434,더킹
4435,김영한
4436,잔혹동시
4437,독일 스웨덴
4438,임현주 
4439,신과의 약속
4440,황정음
4441,설리 클럽
4442,김현정
4443,마샬
4444,박환희
4445,수원 지진
4446,김광현
4447,언프리티 랩스타3
4448,송가연
4449,스타일난다
4450,백종원 만능간장 레시피
4451,k팝스타5
4452,윤성빈 
4453,로또852회당첨번호
4454,신성일
4455,정도전 요동정벌
4456,인증
4457,최명길 의원
4458,부산날씨
4459,중국 유니클로
4460,미이라
4461,유현주
4462,사보임
4463,유니클로 감사제
4464,황정음 
4465,강서구 Pc 방 살인
4466,서재원
4467,린킨 파크
4468,하시시박
4469,괌
4470,원샷법
4471,공무원 시험
4472,아쿠아맨
4473,독전
4474,쥬라기월드 
4475,몰디브
4476,연애혁명
4477,Psy
4478,유은혜 
4479,배수정
4480,한아름
4481,윈도우 업데이트
4482,간떨어지는 동거
4483,김주영
4484,코로나 백신
4485,에버글로우
4486,ios9 업데이트
4487,버저비터
4488,시카고 타자기 
4489,로또947회
4490,케이트 업튼
4491,한승연
4492,소두증
4493,아모르파티
4494,최순득
4495,사드
4496,열혈사제
4497,빅토리아
4498,밥 잘 사주는 예쁜 누나
4499,숙환
4500,김웅
4501,고속도로교통상황 
4502,중국 이란
4503,리플
4504,여환섭
4505,지민
4506,식품안전나라
4507,류현경
4508,황병헌 판사
4509,mbc연예대상2015
4510,허안나
4511,옥자 
4512,우규민
4513,응급실까지 미행
4514,김창환
4515,보그맘
4516,김수민 의원
4517,정몽구
4518,하준수
4519,마인크래프트
4520,일본 콜롬비아
4521,로또861회당첨번호
4522,임현주 아나운서
4523,김태리
4524,닥터프리즈너
4525,야구대제전
4526,안재현
4527,서진용
4528,메리 크리스마스
4529,이영지
4530,너의노래를 들려줘
4531,애간장
4532,송유빈
4533,드라이비트
4534,심수창
4535,두산중공업
4536,카카오메일
4537,훈남정음
4538,강풍
4539,나혼자만 레벨업
4540,정진우
4541,윤아
4542,구마모토
4543,더콜
4544,판타스틱
4545,탕웨이
4546,노정렬
4547,이대은
4548,APPLE
4549,김영광
4550,태연 
4551,대만 4세
4552,아이폰 xs
4553,LCK
4554,김예령
4555,우체국몰
4556,킹덤 시즌3
4557,홍지민
4558,박주미
4559,이미숙 
4560,알함브라 궁전의 추억 결말
4561,맨투맨 
4562,신윤주
4563,고현정
4564,로또 807
4565,완벽한 아내
4566,진짜사나이
4567,국세청 홈택스
4568,밥 딜런
4569,올티
4570,로또917회
4571,김수민 아나운서
4572,보이스코리아 2020
4573,이상한 나라의 며느리
4574,더 이스트라이트
4575,이언주
4576,이완영 국회의원
4577,이종걸
4578,국대떡볶이
4579,로또883회당첨번호
4580,유준원
4581,한국콜마 
4582,김현철
4583,라이트코인
4584,이트론
4585,홍라희
4586,마리와나
4587,2016년 새해인사말
4588,문무일
4589,러시아 지하철서 폭발
4590,이대훈
4591,홍남기
4592,일출
4593,버벌진트
4594,태풍 바비 경로
4595,잔여백신
4596,함박도 
4597,이연희
4598,아이폰 x
4599,대전 지진
4600,김바다
4601,펜트하우스 시즌2 재방송
4602,조영남
4603,743회 로또 당첨 번호
4604,오체불만족
4605,이연수
4606,최유정 변호사 
4607,도도맘 김미나
4608,염정아
4609,강부영 판사 
4610,익산경찰서
4611,대전 코로나
4612,돌고래호
4613,코비 브라이언트
4614,미란다커
4615,워마드
4616,오세훈
4617,손연재
4618,이세돌 
4619,개학연기
4620,이강인 골
4621,로드fc
4622,625전쟁
4623,전기
4624,홈플러스
4625,화유기 방송사고
4626,경륜
4627,설특선영화
4628,로버트 할리
4629,교학사
4630,풍선껌
4631,클로버필드 패러독스
4632,인간수업
4633,여수 불꽃축제
4634,장지연 나이
4635,홍예슬
4636,이규혁
4637,황재균
4638,펭수 다이어리
4639,임우재 
4640,18 어게인
4641,그남자의 기억법
4642,달창
4643,학교 2017
4644,문재인 펀드
4645,한타바이러스
4646,이아현
4647,코로나백신접종예약
4648,메르스맵
4649,박진우
4650,월드컵 예선일정
4651,펀치넬로
4652,사유리 출산
4653,택시기사 폭행 신상
4654,더페스타
4655,845회 로또 당첨 번호
4656,둥지탈출
4657,복지로
4658,외질혜
4659,날 녹여주오
4660,난마돌
4661,서출구
4662,탄핵 표결 시간
4663,탁예은
4664,로또664회당첨번호
4665,화양연화
4666,야구 한일전
4667,김포 도시철도
4668,오르피아
4669,양승태
4670,미세먼지농도 
4671,창원 메르스
4672,ios9
4673,hb엔터테인먼트
4674,붉은달
4675,철구 이혼
4676,심야식당 
4677,메이웨더 맥그리거 중계
4678,성추행 남배우
4679,세월호
4680,이열음
4681,발칙한 동거 홍진영 피오
4682,노우진
4683,문정복
4684,음악중심
4685,소녀시대
4686,미세먼지 지도
4687,한은정
4688,구하라 사망
4689,황대헌
4690,폭스테리어
4691,令和
4692,최자
4693,박지희
4694,메르스초기증상
4695,jtbc 뉴스룸
4696,우루과이전
4697,김선경
4698,강효상
4699,조희팔 
4700,맨유 
4701,무한도전 가요제 2015
4702,NS홈쇼핑 마스크
4703,정유라 
4704,메이플스토리
4705,아이오아이
4706,이혜성
4707,홍상수
4708,굿바이 미스터 블랙
4709,갤럭시 노트7 
4710,북한 핵실험
4711,국민은행 채용
4712,정용기
4713,쏘카
4714,한광옥
4715,한국 에콰도르
4716,양예원 사진
4717,보이스2
4718,WHO
4719,로또878회당첨번호
4720,한지혜
4721,아소산
4722,솔라
4723,박인비 
4724,뜻밖의 미스터리 클럽
4725,고등래퍼 양홍원 최하민
4726,굿 캐스팅
4727,한일전
4728,경수진
4729,전창진
4730,이수근
4731,전안법
4732,김종민
4733,고유정 얼굴
4734,위메프복권
4735,원진
4736,하연수 
4737,리니지2m
4738,김승혜
4739,조윤희
4740,몸캠
4741,몰카
4742,김경재
4743,일산 학폭
4744,복면가왕 코스모스
4745,상강
4746,최강창민
4747,송병준
4748,안준영
4749,길민세 
4750,구르미 그린 달빛 10
4751,다큐플렉스
4752,인면조
4753,이은주
4754,이홍기
4755,네이션스리그
4756,공각기동대
4757,무한상사
4758,부처님 오신날
4759,이태양
4760,엘클라시코
4761,윤송이 
4762,김선신
4763,진짜 사나이 300
4764,이정미재판관 
4765,아역배우 승마선수
4766,나경원 딸
4767,한재영
4768,노선영
4769,그것이 알고 싶다
4770,에이스
4771,수에즈운하
4772,몬스터헌터 월드 pc
4773,도도맘
4774,박미선
4775,라임병
4776,라이프
4777,paris
4778,조국 여배우
4779,이다영
4780,벨기에전
4781,검사외전
4782,레드데드리뎀션2
4783,한국 요르단
4784,김민형 아나운서
4785,메르스 바이러스란
4786,솔비
4787,최신종 
4788,하트시그널
4789,김태욱 아나운서
4790,한국인 입국금지
4791,서현
4792,국세청 연말정산 간소화
4793,박유나
4794,문가비
4795,정희 이선균
4796,화랑
4797,이안류
4798,월드컵 예선
4799,천안나
4800,스페인 러시아
4801,왕좌의 게임
4802,나경원
4803,화영
4804,정윤회 아들 배우
4805,윤석헌
4806,동네의 영웅
4807,다이빙벨
4808,오나라 김도훈
4809,두정물산
4810,태풍경로예상
4811,서해맹산
4812,토지 공개념
4813,개는 훌륭하다
4814,마스크알리미
4815,질투의 화신 
4816,박명수
4817,현대자동차 채용
4818,진구
4819,정은채 
4820,조국 딸
4821,브루셀라병
4822,야옹이 작가
4823,김희철 모모 
4824,포에버21
4825,노지훈
4826,조권
4827,엑소 첸
4828,조지환
4829,올레샵
4830,맨유 파리생제르망
4831,원경왕후
4832,내귀에캔디2 박민영
4833,김주나
4834,김건모
4835,취향저격
4836,샤이니
4837,민국파
4838,최준용
4839,최정훈
4840,박선호
4841,안세하
4842,테니스
4843,이승현
4844,요아리 학폭
4845,GV80
4846,도끼
4847,연제협 연습생 사건 규탄
4848,김희원
4849,기아자동차 채용
4850,정혜림
4851,자로 세월호
4852,아빠를 부탁해
4853,스텔라
4854,김새롬 
4855,어버이날 문구
4856,아베 
4857,일본 나이지리아
4858,로또851회당첨번호
4859,이언주 
4860,러쉬
4861,탐나나
4862,이태임
4863,임종헌
4864,김소연
4865,김우진
4866,로또 945회
4867,정다빈
4868,826회 로또 당첨 번호
4869,꽃보다 할배
4870,닥터스트레인지 
4871,경이로운 소문 작가
4872,문희옥
4873,정해인
4874,LG V10
4875,안드레 고메스
4876,임은숙
4877,셔누
4878,젝스키스
4879,월드시리즈
4880,대구 희망원
4881,이진욱
4882,태풍 솔릭 위치
4883,배익기
4884,박병호
4885,스토브리그
4886,육룡이나르샤
4887,대구스타강사
4888,노수광
4889,정현 경기시간
4890,코나
4891,하이에나
4892,잉글랜드 터키
4893,히든싱어4 왕중왕전
4894,장자연
4895,세븐
4896,휘성
4897,백일의 낭군님
4898,집밥 백선생
4899,강철부대
4900,강승호
4901,김정윤
4902,518 민주화 운동
4903,기태영
4904,박중훈
4905,오덕식 판사
4906,포항 지진
4907,월드컵 최종예선
4908,mc몽
4909,김정화
4910,박수진 결혼
4911,진주
4912,빌보드 차트
4913,로또 791
4914,류시원
4915,진지희
4916,도지코인
4917,nba
4918,청계광장
4919,1박 2일 
4920,동양대학교
4921,킹스컵
4922,김진호
4923,듀크 카하나모쿠
4924,이재성
4925,고나은
4926,같이 살래요
4927,김동선
4928,윤현민
4929,네이션스 리그
4930,서수진
4931,우리갑순이
4932,로또706회 당첨번호
4933,수진
4934,만우절 
4935,날씨가 좋으면 찾아가겠어요
4936,CES 2018
4937,노트7 폭발
4938,mbc연예대상
4939,이유몰
4940,시그널 결말
4941,박에스더
4942,브라이트
4943,아이언
4944,아론카터
4945,민아
4946,대호
4947,베이루트
4948,미세먼지 마스크 KF99
4949,카리우스
4950,진심이 닿다
4951,블랙
4952,실업급여
4953,좌고우면
4954,시노자키 아이
4955,메르스 완치
4956,성년의날
4957,로또 923회
4958,윤창중
4959,유상철
4960,안다르 워터레깅스
4961,대취타
4962,사냥
4963,윤건
4964,김하온
4965,이강인
4966,실시간 교통정보
4967,조여정
4968,follow the party
4969,김영옥
4970,밀젠코마티예비치
4971,이승연
4972,854회 로또당첨번호
4973,미키정
4974,v4
4975,캡틴마블
4976,미스터트롯 진
4977,설훈
4978,이미연
4979,브라질 온두라스
4980,일본 불매운동 
4981,제이윤
4982,김부겸
4983,너를 기억해
4984,투표장소 조회
4985,최유정
4986,힘쎈여자 도봉순 
4987,전태일
4988,로또882회당첨번호 
4989,로또884회당첨번호 
4990,최준희
4991,뷰티풀 마인드
4992,길용우
4993,사랑의 불시착 15회 예고
4994,나영석 연봉
4995,송해나
4996,대구 봉쇄
4997,평화올림픽
4998,윤상훈
4999,Tesla Model 3
5000,나경원 
5001,히든싱어 장범준
5002,진해 군항제
5003,벅
5004,서장훈 오정연
5005,wbc야구 일정
5006,응씨배
5007,디스커버리
5008,김태우
5009,코세기 디아나
5010,레밍
5011,우리 이혼했어요
5012,아우디녀
5013,양금석
5014,레디 플레이어 원
5015,유일호
5016,파파다키스
5017,한국 벨기에
5018,한석규 수상소감
5019,블러드문
5020,리갈하이
5021,신혜선
5022,바벨
5023,김민아
5024,이다지
5025,박성진 
5026,블랙위메프데이 50% 적립
5027,우아한 친구들
5028,리우 올림픽
5029,유상무 대장암
5030,믹스나인
5031,박근혜 하야 
5032,연말 
5033,박승대
5034,코난 오브라이언
5035,빼빼로 데이
5036,독감예방접종
5037,귓속말4회
5038,구봉서 
5039,아카데미 시상식
5040,음악대장 일상으로의 초대
5041,강남역 사고 
5042,권아솔
5043,나의 판타스틱한 장례식
5044,정상수
5045,신과 함께 2
5046,여자축구 
5047,오월의청춘
5048,맷 데이먼
5049,암페타민
5050,물티슈
5051,올림픽 축구
5052,허리케인 어마
5053,신민아
5054,허경호 판사
5055,키코
5056,이재용 
5057,조국 청문회
5058,838회 로또당첨번호
5059,태구민
5060,롯데월드타워
5061,이청용 골
5062,우윤근
5063,문재인 우표
5064,조희팔
5065,다니엘 헤니
5066,세월호 조타수 양심고백
5067,애슬리트 더바름팬츠
5068,엽기적인 그녀
5069,전해철
5070,송은범
5071,오뚜기
5072,노벨평화상
5073,박근혜 하야
5074,최성
5075,이은미
5076,임혜숙
5077,구르미 그린 달빛 7
5078,브라질 벨기에
5079,하트시그널 시즌2
5080,윤상현
5081,김주혁
5082,한화케미칼
5083,임은경
5084,지오영
5085,북한
5086,바르셀로나 파리생제르망
5087,몰카 배틀 - 왕좌의 게임
5088,세컨더리 보이콧
5089,차준환
5090,종현 유서
5091,볼빨간사춘기
5092,로또906회당첨번호
5093,한국 필리핀
5094,윤한덕
5095,문재인 탄핵 청원
5096,할리 베일리
5097,882회 로또 당첨 번호
5098,양향자
5099,수락산 산불
5100,알쓸신잡2
5101,라이브
5102,안소현
5103,전지적 참견 시점
5104,김성재 여자친구
5105,코스타리카 세르비아
5106,올림픽 순위
5107,빙의
5108,김범석
5109,정보경
5110,성폭행
5111,뷰티인사이드
5112,EBS 라이브 특강
5113,문재인 1번가
5114,강경헌
5115,로또880회당첨번호
5116,n번방 사건 
5117,박범계 웃음
5118,임창용 오재원
5119,임창정
5120,마마
5121,아는형님 김영철
5122,레버리지 사기조작단
5123,숙명여고 쌍둥이
5124,아비치
5125,한국 일본 축구
5126,오늘이마지막ssg국민용돈
5127,로또939회당첨번호
5128,태권도 맘충
5129,송지은
5130,조건만남
5131,광복절
5132,로또778회 당첨번호
5133,비트코인
5134,694회 로또당첨번호
5135,불꽃페미액션
5136,로또 925회
5137,성매매 연예인
5138,워너원
5139,로또871회당첨번호
5140,김부선
5141,바비
5142,곰탕집 사건
5143,한국 카타르 
5144,일산백병원
5145,김동현
5146,신서유기 7
5147,서세원 내연녀
5148,박훈 변호사
5149,차홍
5150,2016 백상예술대상
5151,우에하라 타카코
5152,배지현
5153,은혜로교회
5154,이탈리아 지진
5155,대만 지진
5156,위택스
5157,sbs연예대상
5158,창원터널사고
5159,아이유 마음
5160,커밍아웃 뜻
5161,남의철
5162,서지혜
5163,skt 요금제
5164,박은석
5165,임금님의 사건수첩
5166,지일주
5167,하륜
5168,박태준
5169,2020 sbs 연예대상
5170,서면 음주운전
5171,이서원
5172,코로나
5173,레반도프스키
5174,정진석 의원
5175,김여진
5176,김현숙 남편
5177,이용식 딸
5178,류현진 중계
5179,쇼미더머니 6
5180,이승우
5181,프로듀스 x101
5182,블소2
5183,러블리 호러블리
5184,국민안전처
5185,어벤져스 엔드게임 마지막대사
5186,웹뷰
5187,유아인 테슬라
5188,로또733회당첨번호
5189,유튜버 리튬
5190,정호연
5191,부평패싸움
5192,힘쎈 여자 도봉순
5193,펜싱
5194,박세리
5195,장범준
5196,9월 학기제
5197,한가위
5198,mma
5199,계몽 군주
5200,윤태진
5201,김정은
5202,최강희
5203,대진침대
5204,처음학교로
5205,태풍 솔릭 
5206,윤석열 검사
5207,문재인펀드
5208,윤지오
5209,정현 테니스 중계
5210,마스크5부제
5211,재키와이
5212,류지혜 
5213,로또833회당첨번호
5214,윤형주
5215,양구 군인
5216,효도르
5217,판빙빙
5218,구도 쉘리
5219,대한민국 스리랑카
5220,뷰티풀마인드
5221,김성민
5222,848회 로또 당첨 번호
5223,장현승
5224,이두희
5225,고소현
5226,좋맛탱
5227,보네르아띠
5228,로또650회당첨번호
5229,바람이 분다
5230,동상이몽
5231,수능 
5232,진보라
5233,그것이알고싶다
5234,lg v10
5235,윤영찬 
5236,이석증
5237,태풍 찬홈
5238,어린이날 가볼만한곳
5239,장재인
5240,세종병원
5241,태풍 크로사
5242,미스터 선샤인
5243,철권7
5244,이진이
5245,손석희
5246,방시팝
5247,울산 산불
5248,골든디스크
5249,정찬우
5250,복면가왕 번개맨
5251,박보람
5252,진영
5253,윤제문
5254,조수애 
5255,유승민딸
5256,주원
5257,티몬1212타임
5258,도깨비 3
5259,나성범
5260,앤마리
5261,한국 볼리비아
5262,이희호
5263,스웨덴 스위스 
5264,김수민
5265,시리아
5266,홍진영 
5267,오늘의 날씨
5268,정재형
5269,철이와 미애
5270,고준희
5271,에이솔
5272,구리시 메르스
5273,여신강림 작가
5274,부산 에이즈
5275,세월호 화물칸
5276,카드로택스
5277,안현모
5278,송인배
5279,주차장 한칸 값이 3억원
5280,스틸하트
5281,kbs 32기 공채 개그맨
5282,코로나 확진자
5283,무한도전 엑스포
5284,한국 보스니아
5285,김슬기 
5286,달의연인
5287,건국대
5288,잊혀진계절
5289,송선미
5290,우박
5291,김형준 부장검사
5292,이엘
5293,음악의신2
5294,840회 로또당첨번호
5295,백색국가
5296,알란 릭맨
5297,박기영 
5298,초인가족
5299,양의지
5300,서영교
5301,웰킵스몰 마스크 구매
5302,신동호
5303,살충제계란 번호
5304,김원석
5305,메가스터디
5306,멜로디데이
5307,학교폭력실태조사
5308,박유환
5309,조항리 아나운서
5310,블랙독
5311,김현우
5312,삼성 폴더블폰
5313,종현 발인
5314,고영태 긴급체포
5315,정영주
5316,나라
5317,태양의 후예 14회
5318,덴탈마스크
5319,신유용
5320,이시영
5321,불의고리
5322,한나라당 매크로
5323,조윤선
5324,꽃 mbti 
5325,전진서
5326,크리스마스 특선영화
5327,조혜련
5328,멕시코 교도소 폭동
5329,신천지
5330,피고인 권유리
5331,잼미
5332,광종
5333,크리스티나 그리미
5334,이집트 우루과이
5335,사임당 빛의 일기
5336,한소희 
5337,퀴라소
5338,일출시간
5339,이수민 
5340,배정남 부모
5341,우리 갑순이
5342,기상청
5343,울산
5344,로또 941회
5345,스승의 날
5346,김서형
5347,로또 944회
5348,손아섭
5349,최영미
5350,봉평터널
5351,이하늘
5352,동주
5353,이은혜
5354,부산 침수
5355,걱정말아요 그대
5356,최다빈 
5357,정진운
5358,봅슬레이
5359,생동성연애
5360,올림픽 골프
5361,안양교
5362,보스니아
5363,더 유닛
5364,박윤배
5365,오케이광자매
5366,나이스그룹
5367,콜래트럴
5368,김세아
5369,김혁철
5370,박지우
5371,차승원
5372,로또868회당첨번호
5373,넥슨
5374,정준영
5375,던
5376,남북연락사무소
5377,이미란
5378,스포티파이
5379,유지
5380,로버트 할리 
5381,김장겸
5382,기리보이
5383,톱스타 유백이
5384,카카오 뱅크
5385,옥주현
5386,토트넘 대 아약스
5387,여수버스정류장
5388,강인
5389,4.19 혁명
5390,미스 함무라비 
5391,손혜원
5392,기성용
5393,분당 예비군 실종
5394,KBS 
5395,리버풀
5396,685회 로또당첨번호
5397,독일 반응
5398,태극기 
5399,남영신
5400,안신애
5401,사전투표 시간
5402,오세득
5403,오타니
5404,급성 패혈증
5405,닭목살 구이
5406,매스 스타트 경기방식
5407,뮤오리진2
5408,문명6
5409,나향욱
5410,오늘날씨 
5411,신경숙
5412,문정원
5413,화곡동 어린이집
5414,825회 로또 당첨 번호
5415,주다인
5416,토익
5417,박지성
5418,나지완
5419,리우올림픽 
5420,곤지암 정신병원
5421,최정문
5422,김진구
5423,동성제약
5424,대성고
5425,이제훈
5426,유리
5427,정은경
5428,박원숙아들
5429,잭블랙
5430,kt 환급금 조회
5431,현빈 손예진
5432,hmm
5433,3기 신도시
5434,애플 
5435,멕시코 피지
5436,개각
5437,자이언티
5438,공인중개사 원서접수
5439,박근혜 길라임
5440,삼시세끼 어촌편5
5441,신서유기4
5442,iOS 13
5443,이경재 변호사
5444,데미무어
5445,박하선 
5446,류정한
5447,생리컵
5448,학점계산기
5449,유시민 항소이유서
5450,정청래 
5451,명당
5452,장윤정
5453,선배
5454,SLR
5455,버즈 윤우현 럼블피쉬 최진이
5456,삼일절
5457,메르스
5458,이동건 조윤희
5459,오나라
5460,부평 묻지마 폭행 
5461,석가탄신일
5462,이임순 교수
5463,최용준
5464,황미나
5465,선아
5466,연말정산
5467,이정
5468,조수희
5469,유시춘
5470,모더나
5471,로또739회당첨번호
5472,티맥스소프트
5473,연말정산 간소화서비스
5474,3차 재난지원금 신청
5475,옐로비
5476,박보검
5477,윤지오 
5478,박정운
5479,김민
5480,선관위 文 아들 채용 특혜 의혹 허위
5481,잼
5482,얀센
5483,가수 김학래
5484,국민청원 
5485,벤투
5486,사랑의 불시착 11회 예고
5487,듀얼
5488,최시원
5489,네덜란드 잉글랜드
5490,박나래 집
5491,로또708회당첨번호
5492,마인
5493,더 패키지
5494,근로시간 단축
5495,곽진영
5496,씨엔블루이종현
5497,전혜빈
5498,갑철수
5499,김용민
5500,성소
5501,임태경
5502,안젤리나 졸리
5503,숨바꼭질
5504,삼성물산
5505,내 아이디는 강남미인
5506,김기춘
5507,2015 여자월드컵
5508,규현 양세형
5509,초록우산
5510,이창섭
5511,카드포인트통합조회
5512,여자친구
5513,펭귄 프사
5514,fcmm
5515,오덕식
5516,김세아 
5517,한서희 
5518,최영수
5519,엠버 허드
5520,박규리
5521,펜트하우스 14회
5522,신한은행
5523,아마레또
5524,지드래곤
5525,축구선수 성폭행
5526,이정섭
5527,경남지사
5528,aoa
5529,최진실
5530,명일방주
5531,보라카이
5532,로또 817 회
5533,리멤버 아들의 전쟁
5534,하지원
5535,유명 개그우먼 남편
5536,윤상
5537,887회 로또당첨번호
5538,영흥도
5539,김소니아
5540,꽃보다 청춘 아프리카
5541,임지현 
5542,남주혁
5543,간사이공항
5544,반기문 신천지
5545,박시연 음주운전
5546,박하나
5547,판영진
5548,집중 유형 분석
5549,석현준 
5550,척사광
5551,스페인 포르투갈
5552,뎀바바
5553,유튜브 오류
5554,프로야구중계
5555,31번째 코로나 환자 
5556,조장혁
5557,안예은
5558,플로리다 아파트 붕괴
5559,김수미 아들
5560,미추리
5561,미치겠다 너땜에
5562,새해인사
5563,로또679회당첨번호
5564,김유진
5565,이진욱 
5566,수요미식회 삼겹살
5567,윤지연
5568,김형인
5569,계좌통합관리서비스 
5570,NBA
5571,저녁 같이 드실래요
5572,발칙하게 고고
5573,정우성
5574,일급비밀 요한
5575,사이판 
5576,원종건 여자친구
5577,팰리세이드
5578,백로
5579,히말라야
5580,메르스 확산지도
5581,김시향
5582,뽕숭아학당
5583,김주혁 가족
5584,기모란
5585,n번방 신상공개
5586,문재인 딸
5587,태사자
5588,이지훈
5589,윤석열 장모
5590,반기문 턱받이
5591,어벤져스 4
5592,밤토끼
5593,호주 페루
5594,한국시리즈 일정
5595,디데이
5596,iOS9
5597,레전드 토토가
5598,가인 주지훈
5599,시그마
5600,민효린 
5601,함박도
5602,김혜선
5603,주민정
5604,뷔
5605,키스 먼저 할까요
5606,노무현입니다
5607,이하이
5608,한국 잉글랜드
5609,왕이 中외교
5610,IP 카메라
5611,포방터 돈까스 이사 이유
5612,엔화 환율
5613,오나미
5614,이상옥
5615,100대 국정과제
5616,이민기
5617,비밀예능연수원
5618,주영욱
5619,인기가요 아이유
5620,조성호 
5621,우효광
5622,아이폰7
5623,이언주 민주당 탈당
5624,뉴이스트 
5625,제헌절
5626,후지사와 사츠키
5627,farewell
5628,리만가설
5629,바벨250
5630,강지환 
5631,애플 주가
5632,100분토론
5633,sk바이오팜
5634,조현아
5635,도깨비 종방연
5636,이상화
5637,한고은
5638,신서유기6
5639,로또 747회당첨번호
5640,리멤버 
5641,민식이 엄마
5642,손흥민 골 
5643,천안함
5644,이파니 
5645,잉글랜드 웨일즈
5646,gs리테일 채용
5647,돼지독감
5648,UFC 205
5649,서든어택2
5650,수능시간표
5651,췌장암
5652,소래포구 화재 
5653,씨잼 여자친구
5654,마스크 5부제
5655,염보성
5656,언니들의 슬램덩크
5657,이방카 트럼프
5658,도쿄올림픽
5659,2017 mbc 연예대상
5660,고수정 도깨비
5661,마크롱
5662,태풍 경로 
5663,최은영
5664,로또734
5665,정조대왕 능행차
5666,90년대 인기가수
5667,또오해영
5668,마리텔 
5669,내딸 금사월
5670,청도
5671,리버풀 첼시
5672,조지마이클
5673,킴림
5674,홍경래의 난
5675,헤일로
5676,토트넘 아약스
5677,태극기 부대
5678,이병규
5679,오세홍
5680,하리수
5681,이슬비
5682,디어 마이 프렌즈
5683,박지만
5684,수현
5685,김영란법
5686,요동정벌
5687,맨유 맨시티
5688,차화연나이
5689,한고은 
5690,아리아나 그란데
5691,이미선 
5692,인구주택총조사
5693,임미리
5694,Billboard
5695,탄핵
5696,송중기 변호사
5697,일본 지진 
5698,866회 로또당첨번호
5699,전소민
5700,베트남 폭행
5701,제4이동통신
5702,에어팟 프로
5703,솔로몬의 위증
5704,현진영
5705,필리핀 계엄령
5706,1등급 가전제품 환급
5707,영국
5708,한그루
5709,우희진
5710,로타
5711,김미화
5712,엠마왓슨
5713,선릉역 칼부림
5714,김빈우
5715,비트코인캐시
5716,박상민
5717,아이유
5718,처참한 세월호 내부
5719,jyp
5720,제주공항 
5721,기생충 해석 
5722,프랑스 크로아티아 
5723,서울대공원
5724,손승원
5725,설 특선영화
5726,한국장학재단
5727,송가인
5728,블록체인
5729,윤식당 2
5730,슈퍼맨이 돌아왔다
5731,조두팔
5732,이유미
5733,구원파
5734,삼시세끼
5735,리니지2M
5736,어쌔신크리드: 유니티
5737,리우올림픽 개막식
5738,고등래퍼 시즌2 확정
5739,북아일랜드
5740,낭만닥터 김사부 17회
5741,김재환
5742,조수향 
5743,서현진
5744,이태원 클럽 코로나
5745,피타입
5746,코글란 페이스북
5747,중국 여객선 침몰
5748,박지민
5749,이신적
5750,카타르
5751,러시아 식인 부부
5752,김예령 기자
5753,이태원클라쓰 13회
5754,Jtbc
5755,이일재 
5756,배다해
5757,부산 버스 파업
5758,스웨덴 트럭 테러
5759,두번째 스무살
5760,로또822회당첨번호
5761,스위트홈 등장인물
5762,신하균
5763,고추아가씨
5764,윤혜진
5765,이의수
5766,골든프라자
5767,최미선
5768,현대상선
5769,g6
5770,유노윤호
5771,김진
5772,2021 청룡영화제
5773,김보경
5774,광천김 모델
5775,조금산
5776,정유라 한국 송환키로
5777,머슬퀸
5778,김정현
5779,챔스
5780,에어팟2
5781,부활절
5782,티아라
5783,길라임
5784,신세경
5785,평창올림픽
5786,하연주
5787,로또685회
5788,로또862회당첨번호
5789,최형우
5790,검법남녀
5791,투표방법
5792,알쓸신잡
5793,IP카메라 해킹
5794,로또 797
5795,무뢰한
5796,이상민
5797,종현 유서 
5798,이승훈
5799,위화도회군
5800,이번 주 아내가 바람을 핍니다
5801,오솔미
5802,엄지영
5803,넷플릭스
5804,동네의영웅
5805,한글날 택배
5806,조동호
5807,미스 함무라비
5808,박세욱
5809,설하윤
5810,나 혼자만 레벨업
5811,신하균 김고은
5812,캡틴아메리카
5813,김가빈
5814,베놈
5815,빅히트샵 
5816,손흥민 결승골 토트넘
5817,진워렌버핏
5818,신공항
5819,김기두
5820,우설리
5821,방예담
5822,스카이캐슬 20회
5823,스웨덴 잉글랜드
5824,사회적 거리두기
5825,너의 등짝에 스매싱
5826,리얼돌 
5827,국세청 연말정산
5828,모두의 거짓말
5829,김대중
5830,북한 석탄
5831,경이로운 소문
5832,배슬기
5833,롯데캐슬드메르
5834,섬마을 여교사
5835,어셈블리 
5836,여행에 미치다
5837,한국 일본 야구
5838,신일그룹
5839,상류사회
5840,미국 셧다운
5841,로또 937회
5842,로또859회당첨번호
5843,버닝썬 애나
5844,이엘리야
5845,sbs 연기대상
5846,태풍 망쿳
5847,신안군 교사
5848,신종령
5849,홍콩 첫 여성수반 탄생
5850,삼성전자
5851,855회 로또당첨번호
5852,김병욱
5853,독감백신 사망
5854,여친인증
5855,쌈디
5856,화사 
5857,태극기
5858,노건호 
5859,변희재 
5860,나르샤 
5861,월드컵 
5862,해쉬스완
5863,김동욱
5864,코로나 19
5865,2021 설 특선영화
5866,월화드라마
5867,제주 4.3사건
5868,미스터트롯 투표
5869,문재인케어
5870,홍진영 논문
5871,대성고등학교
5872,최유정 김도연
5873,문재인 아들
5874,마르코
5875,탐나나 
5876,최순실 사건 정리
5877,u20 한일전
5878,백종원 골목식당
5879,골로프킨
5880,김병옥
5881,MBTI
5882,ufc214
5883,지소연
5884,우크라이나
5885,안신우
5886,2.5단계 연장
5887,김한일
5888,토트넘 첼시
5889,오연아
5890,김기수 심경글
5891,해쉬 스완
5892,세월x
5893,대선 토론
5894,하준맘
5895,라파엘 나달
5896,1박 2일
5897,투표소 찾기
5898,드루킹
5899,스리랑카 
5900,낸시랭
5901,2018 평창
5902,이희준
5903,서산 돼지찌개집
5904,이태원클라쓰 15회
5905,공부가 머니
5906,포미닛
5907,N번방 
5908,로또860회당첨번호
5909,지승준
5910,이규빈
5911,태풍 콩 레이 
5912,정찬성 
5913,조성호
5914,최순실 연예인
5915,김연정
5916,호주오픈 테니스대회
5917,예루살렘
5918,꽃파당
5919,서해대교
5920,레아레미니
5921,슬기로운의사생활시즌2
5922,김정호 의원
5923,필리핀 화산
5924,이대휘
5925,전주 코로나
5926,부부의세계 드라마 
5927,강식당2
5928,최규순
5929,양호석
5930,류필립
5931,2015 서울드라마어워즈
5932,정유라
5933,리니지M
5934,낭만닥터 김사부 
5935,곡성
5936,시마론
5937,장원영
5938,장제원 아들
5939,비슷해보이즈
5940,루카 더 비기닝
5941,충주 티팬티남
5942,ufc 부산
5943,태양의 후예 ost
5944,어벤져스 엔드게임
5945,로또705
5946,유영철
5947,北에 김정남 시신인도 중단
5948,이부진 
5949,사전투표 장소
5950,루크 페리
5951,부부의날
5952,어반자카파
5953,태연 i
5954,이하늬
5955,이세영
5956,이판사판
5957,수원 실종
5958,진도희
5959,벌레소년
5960,태티서
5961,우비소녀
5962,임세령 
5963,에릭남
5964,강남
5965,설리 사망 보고서
5966,방정환
5967,로또877회당첨번호
5968,선미 주인공
5969,이예지
5970,펜트하우스 나비문신
5971,수상한 파트너 
5972,오영주
5973,은밀하게 위대하게
5974,745회 로또 당첨 번호
5975,화성 연쇄살인사건
5976,보이스트롯 우승자
5977,살아있다
5978,이윤택
5979,동지팥죽
5980,함영준
5981,842회 로또 당첨 번호
5982,윤승열
5983,손열음
5984,린킨파크 
5985,중력파
5986,차수경
5987,로또823회당첨번호
5988,대한민국 카타르
5989,커제
5990,여자배구
5991,진에어
5992,삼풍백화점
5993,SRT
5994,이은재
5995,포레스트
5996,civa
5997,박근핵닷컴 
5998,로또 915회
5999,쥴리
6000,김영권
6001,문재인 케어
6002,박병은
6003,기각
6004,마스크알리미 
6005,송현정 기자
6006,최은주
6007,송도 불법주차
6008,김용국
6009,이소은
6010,아버지와 나
6011,호라이즌 제로 던
6012,박용하
6013,천부교
6014,가디언 테일즈
6015,인천 지하철 2호선
6016,아카이브
6017,추석 인사말
6018,프로듀스X101
6019,로또 911회
6020,한송이
6021,김화란 
6022,가을방학
6023,정준하
6024,지만원
6025,왕성교회
6026,이영하
6027,블랙데이
6028,이재영 이다영 
6029,유정호
6030,김무성 캐리어
6031,김재화
6032,스카이캐슬 스포
6033,메시
6034,고지용
6035,끝에서 두번째 사랑
6036,미국 생방송 총격
6037,미스터리 신입생
6038,최현석
6039,김포맘카페
6040,lh청약센터
6041,유승현 
6042,암살
6043,로또819회당첨번호
6044,문희경
6045,카카오뱅크
6046,코스트코
6047,안인득 
6048,유영현
6049,김건모 결혼
6050,헤이세이
6051,킬잇
6052,고등래퍼3 우승자
6053,김비서가 왜그럴까
6054,백신예약 
6055,송혜교
6056,리설주
6057,유민
6058,임성재
6059,강예원
6060,제이비 
6061,유다연
6062,랜섬웨어
6063,크리미널 마인드 
6064,박성현
6065,홍역
6066,사랑의 불시착
6067,이세영 
6068,비아이
6069,공주전
6070,블랙핑크
6071,아버지가 이상해 
6072,아는형님
6073,이나은 
6074,어버이날
6075,이승윤 양궁
6076,마고로비
6077,김현수
6078,전태수
6079,KBS연기대상
6080,밤을 걷는 선비
6081,로즈데이
6082,양화대교
6083,봉이 김선달
6084,김광석 딸
6085,그라비올라
6086,박태환
6087,전두환
6088,모범택시
6089,로또687회당첨번호
6090,내아이디는강남미인
6091,트럼프 공약
6092,경희대 아이돌
6093,박민정
6094,화려한유혹
6095,lck
6096,나이키 에어맥스 95
6097,서남대
6098,홍정환
6099,아이린 
6100,로건
6101,신천지 교회
6102,미국 중간 선거
6103,장필순
6104,티오테
6105,sk채용
6106,문준용
6107,오 삼광빌라
6108,정희경
6109,김성근
6110,데드풀
6111,테라m
6112,김학범
6113,설리 동향보고서
6114,슈츠
6115,국가비
6116,코레일
6117,일본 코로나 
6118,장윤주
6119,forest
6120,홍미노트3
6121,도끼 
6122,가족입니다
6123,화유기 
6124,대왕카스테라
6125,찬열
6126,효리네 민박
6127,마더
6128,현승민
6129,장신영
6130,한강
6131,이덴트
6132,토트넘 왓포드
6133,소지섭
6134,크로스
6135,한수민
6136,양홍원
6137,이화여대
6138,제인 폰다
6139,공민지
6140,이종만
6141,cj채용
6142,힛더스테이지
6143,이종수
6144,정동영
6145,전미선
6146,여성 징병제
6147,송혜교 
6148,피에스타
6149,하나경 
6150,이찬오
6151,홍지윤
6152,사재혁
6153,2016 청룡영화제
6154,온라인클래스 
6155,로또917회당첨번호
6156,양현석 
6157,스파이더맨 홈커밍
6158,민혜연
6159,베트남 요르단
6160,윤수현
6161,칠성파
6162,심재철
6163,청춘시대
6164,지수
6165,조선구마사 논란
6166,성년의 날
6167,김영애 별세
6168,메르스 의사 
6169,브이아이피
6170,태풍 미탁
6171,의정부고 
6172,양준혁 사진
6173,임성빈
6174,웰컴2 라이프
6175,손흥민 부상
6176,미국 흑인 사망
6177,심으뜸
6178,백지영
6179,비지
6180,김경수 의원
6181,이종석 수상소감
6182,김승진
6183,DMZ 더 와일드
6184,배틀그라운드
6185,야구 결승전
6186,조경태
6187,권민아 남자친구
6188,백청강
6189,질병관리청
6190,3월 모의고사
6191,디아크
6192,심진보
6193,최준용 
6194,카이
6195,신주아
6196,개그맨 김철민
6197,포항
6198,베트남 축구 
6199,신동수
6200,신현수
6201,엄마야
6202,2차 재난지원금 신청
6203,혜령
6204,바른정당
6205,걸스데이 혜리 민아
6206,수지 단발 변신
6207,량현량하
6208,진천
6209,서하준
6210,킹스맨
6211,브라질 아르헨티나
6212,허웅
6213,로또853회당첨번호
6214,동백꽃 필 무렵
6215,필리버스터 중단
6216,지소울
6217,강현석
6218,박한별
6219,무한도전
6220,장미인애
6221,꽃자 
6222,정국 타투
6223,허리케인 어마 
6224,미스터 트롯
6225,김기덕
6226,구글 홈 미니
6227,안다르
6228,안세현
6229,로또 909회
6230,대선 주자들
6231,오민석 판사
6232,청와대 비아그라
6233,감스트
6234,매드맥스
6235,who 비상사태
6236,생생정보
6237,로또 821
6238,할로윈
6239,서울구치소
6240,이보미
6241,resign
6242,아야세 하루카
6243,울릉도
6244,씰리침대
6245,이용마 기자
6246,시우민
6247,부동산 대책
6248,로또653회당첨번호
6249,카타르 이라크
6250,태양의 후예 스페셜
6251,번외수사
6252,전수민
6253,구르미 그린 달빛 17
6254,마크헌트
6255,양하은
6256,복면가왕 클레오파트라
6257,이승환
6258,윈도우10
6259,이리와 안아줘
6260,장용준 
6261,경자년
6262,단 하나의 사랑
6263,sm6
6264,유로파리그
6265,문재인 발언
6266,이대목동병원
6267,윤서체글꼴
6268,로또884회당첨번호
6269,U-20
6270,티몬
6271,루프스병
6272,그녀는 예뻤다 15회
6273,김경진 의원
6274,신의탑
6275,이수나
6276,그 립스틱 바르지 마요
6277,혜민스님
6278,조로우 
6279,크리스 에반스
6280,안드로이드 오토
6281,월드컵 일정
6282,2017년 9월 모의고사
6283,원티드
6284,조성진 
6285,jtbc 신년특집 토론
6286,거식증
6287,제보자들 목사
6288,정인이 양모
6289,유영
6290,호텔 델루나
6291,손흥민 
6292,굿캐스팅
6293,MBC 
6294,케스파컵
6295,스케치 
6296,비 김태희
6297,로또962회당첨번호
6298,남북 고위급 회담
6299,안민석 장시호
6300,광주 폭행 
6301,신데렐라와 네 명의 기사
6302,용산참사
6303,강다니엘
6304,새희망자금.kr
6305,로또831회당첨번호
6306,김장미
6307,린사모
6308,장석현
6309,박영수
6310,종달새 복면가왕
6311,김준희 남편
6312,hb 엔터테인먼트
6313,류효영
6314,로저스
6315,미운우리새끼 허지웅
6316,신과함께 김하늘
6317,최승호
6318,비례대표
6319,세월호 2주기
6320,이재수 
6321,메디블록
6322,이인선
6323,애플
6324,춘분
6325,채시라
6326,박규리 클럽
6327,최선아
6328,류호정
6329,송유정
6330,부잣집 아들
6331,이순진
6332,최선희
6333,골든
6334,최숙현 
6335,유승민 자사고 외고 폐지
6336,689회 로또당첨번호
6337,언니쓰 shut up 
6338,권선택
6339,조미령
6340,명현만
6341,환희유치원 
6342,2018 9월 모의고사
6343,저글러스
6344,문희상
6345,성실한 나라의 앨리스
6346,홀리홈
6347,박근혜 편지
6348,코로나 재확진
6349,쉑쉑버거
6350,이정길
6351,구새봄
6352,이정은
6353,프렌치불독
6354,구해줘2
6355,헌법재판소
6356,서은수
6357,세월호 시험인양
6358,김태희
6359,日 독도침탈 시도 노골화
6360,아모레퍼시픽
6361,안희정
6362,김유정
6363,일본 코로나
6364,박예진
6365,이일화
6366,서건창
6367,김종필
6368,나훈아 
6369,홍선주
6370,유로2016
6371,bj박민정
6372,간사이 공항
6373,치과의사 이수진
6374,나혼자산다 김지수 
6375,강서구 pc방 살인 
6376,프로야구
6377,윈도우 11
6378,차주혁
6379,대구
6380,로또 934회
6381,역도 요정 김복주
6382,권순호 판사
6383,언프리티랩스타2
6384,열혈사제 
6385,딥페이크
6386,천리마마트
6387,태풍 짜미 
6388,개성공단
6389,강성훈 여자 친구
6390,미국 폭동
6391,휴 헤프너 
6392,남양주 화재
6393,천재소녀
6394,삼성라이온즈
6395,임효준
6396,영화 아가씨
6397,임세원 교수 
6398,안수지
6399,구혜선 안재현
6400,손민한
6401,로또660회당첨번호
6402,홍영표
6403,아시안게임 순위
6404,나랏말싸미
6405,한일관
6406,최현우
6407,환희유치원
6408,속초 산불
6409,조두순 
6410,남남북녀
6411,김학래
6412,안지만
6413,16번째 확진자
6414,한성주
6415,JTBC
6416,소향
6417,김한솔
6418,리니지 리마스터
6419,김만복
6420,강훈식
6421,김사은
6422,로또680회당첨번호
6423,dhc
6424,김민승
6425,신데렐라와 네명의 기사
6426,이부진
6427,최양락
6428,차오름
6429,한국 시리아
6430,이만희
6431,제니 카이
6432,조현민 
6433,768회 로또 당첨 번호
6434,정해인 
6435,한국 모로코
6436,코로나 실시간 확진자
6437,김상순 
6438,박주신
6439,송재림
6440,휴스틸
6441,반올림피자샵
6442,신재은 결혼
6443,갤럭시노트7
6444,삼성페이
6445,유령을 잡아라
6446,남경필
6447,나플라
6448,주취상태
6449,박근혜 영어의 몸
6450,박민영
6451,공영홈쇼핑
6452,에이프릴
6453,축구 중계
6454,안일권
6455,키르기스스탄
6456,채국희
6457,날씨
6458,사랑하는 은동아
6459,고든램지
6460,애동지
6461,쌉니다 천리마마트
6462,어벤져스: 엔드게임 
6463,모드리치
6464,나는 트로트 가수다
6465,김민희 홍상수
6466,관악구 모자 살인사건
6467,첫눈
6468,LG G6
6469,이규철 특검보
6470,정근우
6471,FOMC
6472,김상순
6473,복면가왕 연필
6474,백재현
6475,챔스 결승
6476,예지
6477,그랑사가
6478,박수진
6479,이방인
6480,로또830회당첨번호
6481,달이 뜨는 강
6482,최여진
6483,박근혜 편지 
6484,조승연
6485,인천초등생살인범
6486,세월호 7시간
6487,종현 빈소
6488,브라질
6489,태양의 후예 5회
6490,실족사
6491,박수현 
6492,dj doc
6493,갓건배
6494,이신영
6495,윤석열 
6496,체르노빌
6497,로또857회당첨번호
6498,정경심 교수
6499,박나래 성희롱
6500,홍만표
6501,백현
6502,임금 10% 추가 반납
6503,폼페이오
6504,양미라
6505,기묘한 가족
6506,GBU-43
6507,최문순
6508,유연정
6509,김성민 
6510,여에스더
6511,김수남 검찰총장
6512,안희정 아들
6513,쌈 마이 웨이
6514,김남주
6515,아육대
6516,팬텀싱어2
6517,김대현 부장검사
6518,박원순 비서 사진
6519,박효신
6520,로또821회당첨번호
6521,투표율
6522,싸우자 귀신아
6523,부곡하와이
6524,이서진
6525,보라카이 비키니
6526,잔나비 유영현
6527,캡틴 마블
6528,덴마
6529,이카루스M
6530,현대중공업
6531,포켓몬고
6532,임호
6533,부부의세계 원작 결말
6534,안철수 조폭
6535,연세대학교 입학처
6536,롯데 채용
6537,맹승지
6538,부탁해요 엄마
6539,임블리 호박즙
6540,또봉이통닭
6541,정우택
6542,김종인 대선 불출마
6543,진짜사나이 여군특집3
6544,김종대 의원
6545,이현주 감독
6546,이만희 국회의원
6547,신세휘
6548,개는 훌륭하다 코비 
6549,개리 아내
6550,이효리
6551,박유천 다리
6552,에스아이빌리지
6553,열여덟의 순간
6554,bj열매
6555,로또849회당첨번호
6556,이문세
6557,슈
6558,bj우앙
6559,이태원 살인사건
6560,조현민 음성파일
6561,용인 확진자
6562,김광수 의원
6563,정월대보름
6564,강수지
6565,고영욱 
6566,데이빗 보위
6567,정은숙
6568,김정은 듀얼 출연
6569,커뮤니티 실드
6570,미국 독감
6571,spti 테스트
6572,겨땀
6573,미수습자 가족
6574,혁오
6575,짐살라빔
6576,이언주 의원
6577,엘리엇 페이지
6578,영동고속도로
6579,사임당
6580,송윤아
6581,대국민 담화
6582,응팔
6583,아이유 무릎
6584,kbo준플레이오프
6585,정연국
6586,sk바이오사이언스
6587,강훈
6588,이재용 재판 
6589,손정의
6590,박수진 
6591,개그맨 안시우 음주 교통사고
6592,아수라
6593,정명훈
6594,개리동영상
6595,세월호 유골
6596,이미경
6597,이말년
6598,김일성 가면
6599,신소미
6600,고승민
6601,리쌍
6602,조국 구속
6603,유관순
6604,내 마음의 꽃비
6605,대구 코로나
6606,신공항 결과발표
6607,반도
6608,코레일 예매
6609,김재규
6610,임세미
6611,성유빈
6612,김경훈
6613,태양의후예5회
6614,이진아
6615,택배없는날
6616,이매리
6617,윤호중
6618,마린시티
6619,대한민국 라오스
6620,고은아
6621,정준하 
6622,에릭남 
6623,로또875
6624,부산국제영화제
6625,자자
6626,추석 특선영화
6627,835회 로또당첨번호
6628,연봉탐색기
6629,대선주자 국민면접
6630,내 아이디 는 강남 미인
6631,로또947회당첨번호
6632,아는 형님
6633,솔샤르
6634,박영수 변호사
6635,정우람
6636,황승환
6637,천우희
6638,탄핵선고영상
6639,근로자의 날 
6640,차병원
6641,심상정 
6642,갤럭시노트7 폭발
6643,아베 사임
6644,나얼
6645,강신명
6646,이인원
6647,신서유기3
6648,신창현
6649,메디안 치약
6650,정인아
6651,이재정 의원
6652,임진왜란 1592
6653,북한 방사능
6654,왕종명 
6655,아이폰6S 
6656,신아영
6657,안철수
6658,이랜드 채용
6659,포방터시장
6660,아프리카TV
6661,윤전추
6662,롯데캐슬 드메르
6663,청춘시대 2
6664,비 깡
6665,원할머니보쌈
6666,함부로 애틋하게
6667,문재인 짜파구리
6668,블루문
6669,백종원의 3대천왕
6670,이현경 남동생
6671,로빈장
6672,강수일
6673,혜은이
6674,싸이월드
6675,살충제계란
6676,로또 930회
6677,수능 연기
6678,밤을 걷는 선비 
6679,스테이씨
6680,케빈오
6681,로스트아크 인벤
6682,이재성 골
6683,신과함께
6684,펜트하우스 시즌2 언제
6685,조빈
6686,V20
6687,이세돌 알파고 2국
6688,구혜선
6689,비밀의 숲
6690,카라바오컵
6691,노래의 탄생
6692,859회 로또당첨번호
6693,나를 찾아줘
6694,이종현
6695,유승준
6696,진선규
6697,일본 벨기에
6698,원신 
6699,오현경
6700,힐스테이트 푸르지오 수원
6701,이소연
6702,선화예고
6703,유상철 
6704,휴면계좌조회
6705,영리병원
6706,유아
6707,청춘시대 
6708,구미 여아
6709,청와대 국민청원
6710,lg g5
6711,황우슬혜
6712,김기현
6713,신종열 판사
6714,BTS
6715,태풍 12호 할롤라 경로
6716,토트넘 아스날
6717,유재환
6718,이규석
6719,조윤경
6720,뱀파이어 탐정
6721,AOA 민아 
6722,크리샤 츄
6723,문우람
6724,에일리 
6725,위대한 유산
6726,차화연
6727,거미
6728,나사 중대발표
6729,표예진 
6730,조국
6731,조수애
6732,유나이티드 항공
6733,서문시장
6734,로또736회당첨번호
6735,베르세르크
6736,수어사이드 스쿼드
6737,이재용 딸
6738,이희진
6739,장현수
6740,로또923회
6741,내딸금사월49회
6742,김재훈
6743,시무7조
6744,가요대축제
6745,설정스님
6746,김오수
6747,내 귀에 캔디2 김민재
6748,황경석
6749,코로나 변종
6750,정기선
6751,김민종
6752,청와대
6753,로또 889회 당첨번호
6754,황교안 국무총리
6755,우루과이 프랑스
6756,쿠시
6757,예방접종도우미사이트
6758,7일의 왕비
6759,곰탕집 성추행
6760,클레오파트라 복면가왕
6761,유혜주
6762,오정연
6763,정배우
6764,보겸
6765,김혁건
6766,옥시
6767,문화누리카드
6768,신연희
6769,815회 로또 당첨 번호
6770,길건
6771,2019 미스코리아
6772,레이양
6773,후지이 미나
6774,이인영
6775,유로 2020
6776,나주환
6777,청년 내일채움공제
6778,시그널
6779,장범준 
6780,사회적 거리두기 1단계
6781,최고의 한방 이세영
6782,농약 사이다
6783,권성동
6784,논산여고사
6785,몽키뮤지엄
6786,이사벨라 크루즈
6787,갤럭시 폴드
6788,조민아
6789,무한도전 웹툰
6790,오마이비너스 
6791,김연우
6792,악마판사
6793,팩트tv
6794,cj헬로비전
6795,효린
6796,이송정
6797,고성산불
6798,이경실 남편
6799,심은우
6800,유창식
6801,대구 스타강사
6802,멕시코 스웨덴
6803,씨잼
6804,아르헨티나 에콰도르
6805,미세먼지농도
6806,정태옥
6807,에릭센
6808,복면가왕 주윤발
6809,캠핑클럽
6810,이동우
6811,허경영
6812,강철비
6813,대림동 여경 
6814,이용규
6815,가로채널
6816,강동호
6817,재지팩트
6818,을왕리 음주운전 
6819,김부각
6820,김기수
6821,김진태 
6822,평양공연
6823,골종양
6824,금요일 금요일 밤에
6825,푸른바다의 전설 2회
6826,노벨 화학상
6827,손흥민 퇴장
6828,cgv
6829,가투소
6830,크리스토퍼 리
6831,배현진
6832,ses
6833,쇼미더머니
6834,권순호
6835,채식주의자
6836,신종 코로나 바이러스 감염증
6837,아는 와이프
6838,fnc
6839,엄정화
6840,852회 로또당첨번호
6841,이항
6842,내일 그대와
6843,미스트리스
6844,맨유 토트넘
6845,홍윤화
6846,하기비스
6847,전지적 독자 시점
6848,무한도전 유재석
6849,월계수 양복점 신사들
6850,코로나 1단계
6851,이다인
6852,제습기
6853,김철민
6854,정채연
6855,874회로또 당첨 번호
6856,한동민
6857,이명주
6858,황정민
6859,대왕 카스테라
6860,저스틴비버
6861,옥자
6862,한국 레바논
6863,컬링
6864,이영진
6865,경이로운 귀환
6866,김경란
6867,복면가왕 퉁키
6868,풍림파마텍
6869,강타 오정연
6870,이란 
6871,임을 위한 행진곡
6872,마라도나
6873,유재석 
6874,염력
6875,송중기 변호사 
6876,이정희
6877,리얼돌
6878,익산 폭행
6879,우아한 가
6880,김민호
6881,스즈키컵
6882,메르스 병원
6883,장서희
6884,안희정 
6885,다슈 류준열샴푸
6886,KBS 연예대상
6887,래리킹
6888,백종원 만능간장
6889,노브라
6890,김용진
6891,878회 로또 당첨 번호
6892,고속도로 교통정보
6893,로또886회당첨번호 
6894,미스터 션 샤인 
6895,조희연
6896,백승주 의원
6897,정수빈
6898,윤지혜 
6899,암수살인
6900,가희
6901,미스코리아
6902,880회 로또당첨번호
6903,코호트 격리
6904,맥그리거 세로니
6905,강서구 산부인과
6906,가세연
6907,아이언 여자친구
6908,유승민 딸
6909,어벤져스 인피니티 워
6910,구자철
6911,카카오주가
6912,김국진 강수지
6913,배틀그라운드 
6914,박준희
6915,켈리교수
6916,임은수
6917,이지현
6918,화이트스완
6919,구도쉘리
6920,모야모야병 개그맨
6921,스타워즈
6922,편승엽
6923,세월호 잠수함
6924,임인스
6925,이영돈 
6926,포체티노
6927,캐서린 프레스콧
6928,선우정아
6929,브라질 독일
6930,한효주
6931,이유애린
6932,로또950회
6933,김종태
6934,김우리
6935,철원
6936,금태섭
6937,로또876회당첨번호
6938,하이퍼유니버스
6939,ioi
6940,배우학교
6941,윤서진
6942,김학의
6943,송영학
6944,2018 수능 등급컷
6945,멜론뮤직어워드
6946,무하마드 알리
6947,북한 방사능 
6948,황주연
6949,양궁 장혜진
6950,디아크 
6951,안재현 오연서
6952,데스스트랜딩
6953,이종성 이동국
6954,카라타 에리카
6955,천산갑
6956,ㅅㄱㅂㅊ
6957,이영하 여배우
6958,그것이 알고싶다 고유정
6959,모모 
6960,린다김 
6961,독감
6962,이동국
6963,스타크래프트 리마스터 올 여름 출시
6964,두리랜드
6965,지카 바이러스
6966,박재범
6967,태풍 난마돌
6968,택배 파업
6969,이학재
6970,스크린도어 사고
6971,u-20 월드컵
6972,뉴질랜드 총기난사
6973,서정희 
6974,우병우 아들
6975,아카데미 시상식 2020
6976,꼰대인턴
6977,니콜라 주가
6978,백두산
6979,청년저축계좌
6980,이세돌 커제
6981,이상아
6982,이재오
6983,방주연
6984,마음의소리
6985,이영호
6986,대한민국 바레인
6987,주진모 해킹
6988,이미자
6989,위키드
6990,홍석현
6991,국민여러분
6992,아이유 밤편지
6993,차은택 감독
6994,텍사스 레인저스
6995,스카이캐슬 마지막회
6996,강성연
6997,jm 솔루션
6998,도플싱어 가요제
6999,최은희
7000,푸른 바다의 전설
7001,맨유 리버풀
7002,드론 오륜기
7003,마리텔 이상민
7004,폭스바겐
7005,부정선거
7006,에어아시아
7007,bcg 경피용 
7008,블랙 프라이데이
7009,안창림
7010,공작
7011,남태현
7012,모로코
7013,피파온라인4
7014,에이프릴어학원 동작캠퍼스
7015,iem국제학교
7016,MSI
7017,신애
7018,골로프킨 판정승
7019,임영웅 
7020,방용훈
7021,태풍진로예상
7022,신분을 숨겨라
7023,이건희
7024,한상헌
7025,미스터 트로트
7026,구해줘 
7027,오딘
7028,n번방 사건
7029,러블리즈
7030,Bambi
7031,구하라 남친
7032,로맨스패키지
7033,곽진언
7034,889회 로또 당첨 번호
7035,소유진
7036,보조금24
7037,양지은
7038,아파트투유
7039,올레
7040,재난지원금
7041,우루과이
7042,빙구
7043,김지현 배우
7044,이원진
7045,전두환 부부 회고록 출간
7046,클라라
7047,아이린
7048,수능 시간표
7049,광화문 집회
7050,김학철
7051,맨시티
7052,배정남
7053,박솔미
7054,맹기용
7055,테슬라 주가
7056,거짓말의 거짓말
7057,김영삼 
7058,두산베어스
7059,강성욱
7060,서유정
7061,김장수
7062,미스트롯
7063,spc 그룹
7064,뉴스
7065,히딩크
7066,윤시윤
7067,오바마
7068,입추
7069,송민순
7070,오픈남녀
7071,류담
7072,주노 목성
7073,하늘에서 내리는 1억개의 별
7074,김홍일 빈소
7075,오상진 YG와 전속계약
7076,백선엽
7077,김유미
7078,토트넘 웨스트햄
7079,대국민담화
7080,차웅기
7081,grn
7082,오버워치신규영웅
7083,진아림
7084,최두호 
7085,힐링캠프
7086,염따 티셔츠
7087,에콰도르
7088,솔빈
7089,윤재경
7090,트롯신이 떴다
7091,바다
7092,사미라
7093,신라젠
7094,태연
7095,리니지레볼루션
7096,오케이 광자매
7097,fomc
7098,코로나 1.5단계
7099,전현무
7100,뉴스속보
7101,릴리m
7102,김정우
7103,뒤늦은 후회
7104,우원재
7105,msc
7106,한지민
7107,구로구 콜센터
7108,나혜미
7109,환경부
7110,황금빛 내인생
7111,임택근
7112,리즈
7113,하석진
7114,맨유 첼시
7115,일보
7116,킹덤
7117,손석희 홍준표
7118,은지원
7119,사이코지만 괜찮아 수간호사
7120,황치열
7121,노라조
7122,정인선
7123,OST
7124,추리의여왕2
7125,문지윤
7126,더유핏코어뷰티
7127,강남역
7128,죠앤
7129,세르비아
7130,한초임
7131,손수현
7132,너를 만났다
7133,이혜훈
7134,달콤살벌패밀리
7135,약쿠르트
7136,최저임금 
7137,유수호
7138,한웅재 검사
7139,영국 브렉시트
7140,충청샘물
7141,황희찬
7142,챔피언스리그
7143,브라질 우루과이
7144,송중기 
7145,로제
7146,골육종
7147,정준원
7148,골프장 동영상
7149,최무성
7150,아이유 법적 대응
7151,대한간호조무사협회
7152,개성공단 
7153,박범신
7154,구르미 그린 달빛 5
7155,서세원
7156,이희경
7157,이태원클라쓰 9회
7158,민유라
7159,굿바이미스터블랙
7160,로또720회당첨번호
7161,오동식
7162,빗썸 
7163,아메리칸 메이드
7164,강연재
7165,응답하라 1988 
7166,토트넘 번리
7167,아이유 에잇
7168,조양호
7169,로코베리
7170,아동수당 신청
7171,밀정
7172,893회 로또당첨번호
7173,이태원클라쓰 드라마
7174,혼술남녀
7175,부산행 
7176,싱어게인 우승자
7177,이민우
7178,유영하 변호사
7179,쁘라삐룬
7180,레바논
7181,하나은행
7182,아프리카
7183,엔씨소프트
7184,오빠차
7185,강예빈
7186,EBS 온라인 클래스
7187,아이폰6s
7188,롯데월드 불꽃놀이
7189,김보경 
7190,날아라 개천용
7191,윤상현의원
7192,장시호
7193,장하나
7194,오버워치 에코
7195,양준혁 여자친구
7196,로또919회당첨번호
7197,양궁
7198,잔나비
7199,텔레그램 n번방
7200,신보라
7201,김보라
7202,서울 버스 파업
7203,빅이슈
7204,다이나믹듀오
7205,iem
7206,이동형
7207,정경심
7208,재난지원금 신청
7209,복면가왕 방패 정체
7210,에너지관리공단
7211,서민형안심전환대출 조건
7212,지현우
7213,코로나 학원 휴원
7214,음바페
7215,골목식당
7216,서동주
7217,이완
7218,떡국
7219,맨유
7220,아이슬란드
7221,루나
7222,sbs연예대상2015
7223,나혼자만 레벨업 
7224,자두
7225,이영아
7226,k팝스타6
7227,펜트하우스시즌2
7228,롤 올스타전
7229,보이스 2
7230,빈첸
7231,에이미
7232,정은주
7233,RTX 3060
7234,2018 러시아 월드컵조추첨 
7235,성유리 
7236,닌텐도 스위치
7237,현빈 송혜교
7238,클로이 모레츠
7239,별에서 온 셰프
7240,오버워치 아나 
7241,Apple
7242,남산의 부장들
7243,레벨업
7244,트루디
7245,이준서 
7246,한국 중국
7247,디시인사이드
7248,23번째 확진자
7249,지승현
7250,김열
7251,장지연
7252,김규리
7253,818회 로또 당첨 번호
7254,한유미
7255,이재명 성남시장
7256,이카루스m
7257,이수역 폭행 
7258,한국 이라크
7259,정하나
7260,터널 결방
7261,아이언맨 
7262,미세먼지 마스크 
7263,화유기
7264,현충일 
7265,아이폰11
7266,마이크로닷
7267,슈퍼맨이돌아왔다
7268,스토브리그 
7269,페미니스트
7270,867회 로또 당첨 번호
7271,817로또 당첨 번호
7272,히트메이커
7273,낭만닥터 김사부 14회
7274,이경영
7275,문수인
7276,소녀시대유리
7277,배현진 아나운서
7278,황사
7279,아시안컵 결승
7280,밀양화재
7281,고속도로 교통상황
7282,제천 화재
7283,유벤투스 토트넘
7284,유제이 여러분
7285,베이비시터
7286,한국 피지
7287,추성훈
7288,박은영
7289,제3의 매력
7290,892회 로또당첨번호
7291,빅죠
7292,이소라
7293,로또 919회
7294,아이온
7295,우창범 
7296,구원희
7297,주동민
7298,은가은
7299,김기동 목사
7300,토트넘 밀월
7301,태양
7302,이세돌 알파고 
7303,인기가요
7304,박하선
7305,철구
7306,곤지암 정신 병원
7307,KT 화재
7308,김현숙
7309,심지호
7310,성 패트릭 데이
7311,런천미트
7312,윤현숙
7313,두번은 없다
7314,6월 모의고사 등급컷
7315,여름방학
7316,김비오 
7317,99억의 여자
7318,지드래곤 관찰일지
7319,부산불꽃축제
7320,위메프 22데이
7321,심석희
7322,트럼프 탄핵
7323,녹두전
7324,정미홍
7325,미스티
7326,아이폰 7
7327,부산버스파업
7328,이재명 인터뷰
7329,귓속말 
7330,kcm
7331,제주신공항
7332,16번째 코로나 환자
7333,설 TV특선영화
7334,PS5
7335,멜라니아 
7336,위메프 반값특가
7337,구자욱
7338,바이브
7339,미녀와 야수
7340,을왕리 음주운전
7341,태권도
7342,수락산
7343,송소희
7344,이재은
7345,윤성빈
7346,류승범 여자친구
7347,블랙홀 
7348,일본 세네갈
7349,이인좌
7350,농협 채용
7351,윤성환
7352,로또 813
7353,추명호
7354,김어준
7355,이기광
7356,850회 로또 당첨 번호
7357,오신환
7358,슈퍼주니어
7359,피리부는 사나이
7360,진성준
7361,서효원
7362,사랑제일교회
7363,박재정
7364,경비원 가해자
7365,윤소희
7366,투르크메니스탄
7367,황후의 품격
7368,1365
7369,토지공개념
7370,강두리
7371,연애의 맛
7372,837회 로또당첨번호
7373,장혜진 양궁
7374,성훈
7375,타인의 취향
7376,샤론스톤
7377,이민정
7378,박경리
7379,송하예
7380,오승근
7381,언니쓰
7382,이완구
7383,동암역 사고
7384,김종현
7385,큐넷
7386,미녀와야수
7387,올스타전
7388,북한 도발
7389,서향희
7390,권혁주
7391,832회 로또 당첨 번호
7392,올림픽 축구 대표팀 평가전
7393,김신영
7394,신성일 
7395,천문
7396,메르스 바이러스 증상
7397,조국힘내세요
7398,한상헌 아나운서
7399,메모리스트
7400,크리스마스 이브
7401,강릉 시장
7402,박세혁
7403,이민아
7404,박근혜 
7405,박사모
7406,리니지2 레볼루션
7407,난색
7408,명재권 판사
7409,조덕제
7410,달창 뜻 
7411,유치원 개학연기
7412,장윤정 엄마
7413,5SOS
7414,김호곤
7415,성현아 사건
7416,첸
7417,죽어야 사는 남자
7418,설현 지코
7419,현아
7420,박지선 유서
7421,문소리
7422,조민 
7423,고마워요 문재인
7424,lh주택공사
7425,사랑하게될줄알았어
7426,더불어민주당 경선 참여
7427,박수홍 
7428,5 18 민주화 운동
7429,추석 
7430,리치웨이
7431,페리아연대기
7432,컨버스
7433,소행성
7434,한국 우크라이나
7435,정일선
7436,가요대전
7437,반기문
7438,이재수
7439,마골피
7440,희망키움통장
7441,서효원 맥심
7442,김광한
7443,미국대선
7444,세월호 6주기
7445,그것이 알고싶다 세월호
7446,코인법률방 BJ
7447,스승의 날 
7448,정찬
7449,포켓몬 고
7450,경리
7451,프랑스 포르투갈
7452,에티튜드
7453,필리핀 성폭행
7454,한국 이란 하이라이트
7455,프랑스오픈 테니스대회
7456,프랑스 아르헨티나
7457,김상곤
7458,핏불테리어
7459,테라
7460,길가에 버려지다
7461,대만
7462,관악구 모자 살인
7463,폴란드 세네갈
7464,조현
7465,부산 편의점
7466,분당 화재
7467,영창대군
7468,키이스트
7469,모두의 연애
7470,이기택
7471,토트넘 맨시티
7472,대서
7473,아이티
7474,이인원 부회장
7475,송유진
7476,v10
7477,김원봉
7478,한미모 
7479,유승민
7480,김소희
7481,소래포구 화재
7482,티몬데이
7483,프로듀스 101
7484,조윤선 
7485,길 아내
7486,메르스 확진자 수
7487,코로나 2.5단계
7488,라젠카 세이브 어스
7489,그랜드체이스
7490,나야나
7491,캐리어를 끄는 여자
7492,월드컵 16강 대진표 
7493,추자도
7494,tvn 시상식
7495,필리핀 화산폭발
7496,김은경
7497,세계일보
7498,한지선
7499,사의 찬미
7500,부부의 세계
7501,옥소리
7502,태양의 후예 15회
7503,싸이 대디 
7504,이장우
7505,태연 라비
7506,셜록 유령신부
7507,기무사
7508,김지우 
7509,축구결과
7510,싱스트리트
7511,미얀마
7512,유리 오빠
7513,보이스
7514,아이패드 프로
7515,홍콩 시위
7516,간헐적 단식
7517,손혜원 
7518,고성 산불
7519,스파이더맨
7520,엉덩이 걷기
7521,세계인권의날
7522,이승준
7523,구르미그린달빛
7524,이영학 부인 문신
7525,코스피
7526,수원동부교회
7527,미카미 유아
7528,푸른바다의 전설 18회
7529,신천지 지령
7530,잠수함
7531,박주민
7532,박신혜
7533,송남영
7534,최송이
7535,여명숙
7536,골 때리는 그녀들
7537,미중 무역협상
7538,문라이트
7539,김희중
7540,김강우
7541,보타바이오
7542,비트코인 
7543,자로 세월x
7544,로또694
7545,LCK 
7546,콜레라 
7547,박은석 강아지
7548,최재형
7549,외출
7550,샤론 최
7551,구봉서
7552,차바이오텍
7553,덴마크 호주
7554,신소율
7555,덩케르크
7556,제니 지디
7557,보고있다정치검찰
7558,마마무
7559,고려 광종
7560,비프리
7561,이선아pd
7562,나의 아저씨 
7563,정우택 
7564,권창훈
7565,안나경
7566,로또 790 회
7567,포천 여중생 살인사건
7568,2018년 새해인사말 
7569,안혜지
7570,빌게이츠
7571,고유민
7572,전종서
7573,지창욱
7574,윤세아
7575,#대구
7576,엽기토끼 살인사건
7577,라미란
7578,공명
7579,천안 메르스
7580,핵찌
7581,로또 822
7582,2019 크리스마스 이브
7583,정인이 유모차
7584,스테판 커리
7585,삼성도박
7586,최송현
7587,송종국
7588,주말엔 숲으로 주상욱
7589,주우재
7590,부산 불꽃축제
7591,이석훈
7592,프랑스 우루과이
7593,조정석
7594,이영학 딸 
7595,병무청
7596,김진태
7597,조민기
7598,이미지 배우
7599,솔릭 
7600,pd수첩
7601,김경화
7602,아이폰x
7603,박성엽
7604,박순자
7605,지카바이러스
7606,양지원
7607,박해진 고영태 
7608,피우진
7609,나대한
7610,최지우남편
7611,마녀공장
7612,송해
7613,손흥민 요리스
7614,안혜경
7615,개는 훌륭하다 코비
7616,로또 921회
7617,의사요한
7618,박지선
7619,이몽
7620,민주당 충청경선
7621,박승주
7622,한미약품
7623,정호성
7624,디바
7625,신세계 채용
7626,후지이미나
7627,설리 사망보고서
7628,정수라
7629,아라시
7630,고영욱
7631,은수미
7632,정은채
7633,코로나 바이러스 확진자
7634,토트넘 뉴캐슬
7635,모야모야병
7636,북한 미사일 발사
7637,김여정 
7638,사이먼 페그
7639,정은우
7640,서산레미콘사고
7641,황영철
7642,일본 태풍 
7643,수원
7644,라비
7645,소년24
7646,최태민
7647,크라이슬러 닷지
7648,2016 설특선영화
7649,신양남자쇼 혜리
7650,백승혜
7651,최민환
7652,니콜라
7653,윤정희 
7654,노 룩 패스
7655,한서희
7656,카스티요
7657,곽동한
7658,홍준표
7659,조희진
7660,이휘재
7661,로맨스 패키지
7662,조현병
7663,로또968회당첨번호
7664,라니티딘
7665,한국 체코
7666,bj김옥분
7667,이재진
7668,오재원
7669,유인촌
7670,황인영
7671,제이쓴
7672,중국 샨샤댐
7673,위메프 33데이
7674,노벨 평화상 
7675,알파오
7676,캣맘 
7677,산이
7678,2016 sbs 연기대상
7679,마녀의 법정
7680,자체발광 오피스
7681,배드민턴
7682,장영남
7683,신정락
7684,이천수
7685,이터널스
7686,노로바이러스
7687,소녀시대 party
7688,김지현
7689,경칩
7690,긴급고용안정지원금 
7691,계은숙
7692,오늘의운세
7693,경희대학교 입학처
7694,보금자리론
7695,2017년 자동차세 연납
7696,판타스틱 
7697,조한규
7698,배우학교 
7699,안창환
7700,진경
7701,김성태
7702,범죄도시 
7703,축구 이란 전
7704,박수현
7705,예스24
7706,윤계상
7707,서울복지포털 
7708,최사랑 
7709,패스트트랙이란
7710,김영권 
7711,애타는 로맨스
7712,브래드피트
7713,2020 mbc 연기대상
7714,유벤투스
7715,애플워치
7716,코로나19
7717,영락제
7718,이대호 홈런
7719,올림픽 
7720,축구 
7721,갤럭시노트5
7722,이비에스온라인클래스
7723,인랑
7724,김건우
7725,v20
7726,코로나 라이브
7727,한교원
7728,쇼미더머니8 우승자
7729,브라질 콜롬비아
7730,겨울왕국2 쿠키영상
7731,한국 온두라스
7732,혜이니
7733,정상훈
7734,대한항공 채용
7735,베데스다
7736,이화선
7737,한국 홍콩
7738,u20 결승
7739,티몬1212타임 
7740,박혜경
7741,한끼줍쇼
7742,소사이어티 게임
7743,메르스 의사
7744,더블유 
7745,심은경
7746,인천 초등생 살인범
7747,종부세
7748,상향등 복수 스티커
7749,태풍 10호 하이선
7750,양현종
7751,강경화 
7752,최고의 한방
7753,이예림
7754,이민호
7755,로또657
7756,오만석
7757,인천 화재
7758,국민의당 안철수 손학규 박주선
7759,월드컵 결승전 일정
7760,kbs 연예대상
7761,세모자 
7762,로또836회당첨번호
7763,개리
7764,장유진
7765,문명6 
7766,로또875회당첨번호
7767,로또870회당첨번호
7768,백성현
7769,김세연
7770,악동뮤지션
7771,경주 지진
7772,블레이드앤소울
7773,우체국 알뜰폰 
7774,지진 
7775,김병지
7776,김종진
7777,나이스 반배정
7778,7급 공무원
7779,바이든
7780,출구조사
7781,청문회
7782,경주 스쿨존 사고 
7783,갤럭시S8
7784,이준석
7785,버닝
7786,우리 결혼했어요 장도연
7787,솜혜인
7788,서진호
7789,평일 오후 세시의 연인
7790,손예진
7791,권민중
7792,차태현
7793,이치훈
7794,박보영
7795,EPL
7796,연말정산간소화서비스
7797,핸섬 타이거즈
7798,성남 어린이집 성폭행 
7799,추미애 2심도 벌금 80만원
7800,챔피언스리그 조순위
7801,어버이날 
7802,축산물품질평가원
7803,구리 아치울마을
7804,현대차
7805,브루나이
7806,세월호 반잠수선으로 이동
7807,리우올림픽 일정
7808,현빈
7809,건강보험공단
7810,빅히트 엔터테인먼트
7811,신림동
7812,윤서빈
7813,다우지수
7814,한국 기니 하이라이트
7815,한국 일본
7816,전현무 한혜진 결별 
7817,해운대 교통사고
7818,2018 청룡영화제
7819,김성수
7820,K팝스타6
7821,역도요정 김복주
7822,보람튜브 
7823,이하나
7824,GTA5 카지노
7825,정찬성 에드가
7826,국회방송
7827,크론병
7828,강정호 부상
7829,이국종 교수
7830,박은혜
7831,강릉 펜션
7832,태양의 후예 13회
7833,4월 모의고사
7834,미나 뱀뱀
7835,윈도우10 
7836,구마유시
7837,류준열 혜리
7838,로또 908회
7839,송병기
7840,주식갤러리
7841,이명박 구속
7842,대박
7843,ufc218
7844,미세먼지 
7845,세계 여성의 날
7846,김나정
7847,858회 로또당첨번호
7848,김용태 국회의원
7849,맨투맨
7850,어린이날 
7851,장기하 아이유
7852,차이나 게이트
7853,태풍 하구핏
7854,로또946회당첨번호
7855,브라질 스위스
7856,북한 김정은
7857,진학사 어플라이
7858,초복
7859,정현
7860,로또 776 회
7861,토토가 3
7862,악의꽃
7863,예원
7864,송지아
7865,ICBM
7866,오인혜 사망 
7867,미운우리새끼
7868,촛불집회
7869,구광모
7870,윤석열 부인
7871,안우진
7872,추석
7873,클로이 모레츠 
7874,윤병희
7875,세종28년 서기
7876,커리어그랜드슬램
7877,본대로 말하라
7878,엔화
7879,이영학 부인
7880,아이돌 학교
7881,하뉴 유즈루
7882,부천 메르스
7883,HMM 
7884,프로포폴 연예인
7885,토트넘 맨유
7886,KTX 햄버거
7887,더원
7888,미래일기
7889,김재원
7890,구하라
7891,2018 6월 모의고사
7892,황치열 뱅뱅뱅
7893,소유
7894,김영희
7895,이재포
7896,송기헌
7897,싸이코패스 다이어리
7898,나스닥
7899,노루 태풍
7900,설날
7901,2018년자카르타팔렘방아시안게임
7902,급성 백혈병
7903,배수진
7904,인하대 화재
7905,우체국 알뜰폰
7906,10월 모의고사
7907,이시형
7908,블랙프라이데이 
7909,하얀거탑
7910,첸 여자친구
7911,조두순 사건
7912,셀럽파이브
7913,친애하는 판사님께
7914,축산물 품질평가원
7915,박원순시장 비서
7916,김남춘
7917,기니
7918,손미나
7919,여의도 불꽃축제
7920,성남어린이집
7921,이국종
7922,한국 말레이시아 하이라이트
7923,연말정산 자동계산기
7924,최정원
7925,김우림
7926,로또943회당첨번호
7927,허문회
7928,로또850회당첨번호
7929,박해진
7930,김진경
7931,리을설
7932,송민호
7933,탑 대마초
7934,구자명
7935,영남제분
7936,단말기자급제
7937,240번 버스
7938,일라이 
7939,그녀는 예뻤다
7940,송중기 탈모사진
7941,박일
7942,더 킹 : 영원의 군주
7943,임영규
7944,권율
7945,내일 날씨
7946,백두산 화산폭발
7947,밤샘토론
7948,유소연
7949,정유년
7950,김영삼전대통령
7951,설날 교통상황
7952,소년 24
7953,파이
7954,딘딘
7955,판교
7956,장경동 목사
7957,청춘fc
7958,카타르전
7959,SBS
7960,키썸
7961,주상욱 차예련 5월 결혼
7962,살충제달걀
7963,첼시 스완지
7964,송성문
7965,김옥빈
7966,근로자의날
7967,메이플스토리M
7968,이건희 영상
7969,유시민 딸
7970,마룬5
7971,랜섬웨어 예방
7972,왕은 사랑한다
7973,리차드 막스
7974,한채아 
7975,광안대교
7976,워너원 방송사고
7977,파리
7978,가덕도
7979,한수지
7980,노엘
7981,박재동
7982,고백부부 
7983,장진영
7984,투표용지 
7985,하상욱
7986,아빠는 딸
7987,외질혜 
7988,박준우
7989,남보라 
7990,애인있어요
7991,신서유기8 방송사고
7992,블랙팬서
7993,남희석 
7994,폴더
7995,창세기전4 
7996,강봉균
7997,유영하
7998,오늘날씨
7999,추미애
8000,허쉬
8001,조수미
8002,강용석 
8003,원정화
8004,코로나19 
8005,지방직 공무원 원서접수
8006,연말정산간소화서비스 
8007,ufc200
8008,김학철 
8009,기자폭행
8010,신격호
8011,경북 성주
8012,정유라 송환 거부
8013,태양의 후예 9회
8014,이성경
8015,양준무
8016,이준혁
8017,정청래
8018,강한나
8019,윤호연
8020,송은영
8021,이하원
8022,월드컵 개막식
8023,크리스마스 영화 편성표 
8024,사회적 거리두기 3단계
8025,김상중
8026,슈퍼문
8027,조원동
8028,우사인볼트
8029,김성원
8030,인도네시아
8031,2.5단계
8032,e프라이버시 클린서비스
8033,이영돈 골퍼
8034,꽃보다청춘
8035,비인두암
8036,CNN
8037,쿠팡 상장
8038,권은비
8039,파이데이
8040,리버풀 바르셀로나
8041,898회 로또당첨번호
8042,맥그리거 
8043,부부의 날
8044,거기가 어딘데
8045,네네치킨
8046,장성철
8047,나혼자산다
8048,라이엇
8049,송선미 남편
8050,사재혁 
8051,화웨이
8052,박정수
8053,구르미 그린 달빛 12
8054,코웨이
8055,용감한형제
8056,아이폰8
8057,꽃놀이패
8058,베트남 일본
8059,철구 
8060,로또928회당첨번호
8061,로또879회당첨번호
8062,정일우
8063,배현진 
8064,리니지2M 
8065,카카오 배틀그라운드
8066,이솔이
8067,문형욱
8068,이민지
8069,필리핀
8070,노회찬
8071,스타크래프트 리마스터
8072,윤중천
8073,아르헨티나 크로아티아
8074,슬플때 사랑한다
8075,엠버허드
8076,현빈 손예진 
8077,리스테린 소독
8078,백기완
8079,23 아이덴티티
8080,권미진
8081,타니
8082,전현희
8083,용팔이 마지막회
8084,권영진
8085,허지웅
8086,해뜨는시간
8087,휘성 녹취록
8088,로또 951회
8089,노트9
8090,괌 판사 부부
8091,유니클로 광고
8092,아침마당 강부자
8093,보더콜리
8094,ufc227
8095,김창호
8096,매스스타트
8097,신대철
8098,아시안컵 일정
8099,썰전 안철수
8100,세인트폴국제학교
8101,리스테린
8102,김민희 
8103,쇼미더머니9 우승자
8104,용준형
8105,이승엽
8106,미대선
8107,강남제비 복면가왕
8108,반기문 퇴주잔
8109,세종 자이더시티
8110,양적완화
8111,구하라 
8112,전현무 한혜진 결별
8113,임수향
8114,슈퍼리그
8115,조커
8116,괴물 드라마
8117,세상에서 가장 아름다운 이별
8118,무술년
8119,낸시
8120,하나뿐인 내편
8121,우리은행
8122,정인아 미안해
8123,부부의세계 8회
8124,17호 태풍 타파 
8125,박수홍
8126,소상공인새희망자금
8127,소진
8128,시에나 밀러
8129,수능발표
8130,배우 온시우
8131,공매도
8132,투표시간
8133,크리미널마인드
8134,숨은 보험금
8135,베이식
8136,유감
8137,김재형 테너
8138,꽃자
8139,강슬기
8140,전효성
8141,스텔라 가영
8142,류현진 
8143,Iphone X 
8144,윤동한
8145,라이관린
8146,미나
8147,애나벨
8148,런닝맨
8149,손 the guest
8150,봅슬레이 4인승
8151,tbs 교통방송
8152,한성호
8153,고등래퍼3
8154,김정균
8155,김수민작가
8156,브래디 앤더슨
8157,김광석
8158,김수미 
8159,태풍경로 
8160,박지성 어머니
8161,한소희
8162,이해찬
8163,바코드
8164,패스트트랙
8165,복면가왕 강남제비
8166,이광종
8167,엑스맨 아포칼립스
8168,코로나 3단계
8169,대종상영화제
8170,김준기
8171,유담 성희롱
8172,정을영
8173,슬리피
8174,커피프렌즈
8175,60일 지정생존자
8176,송곳
8177,탄핵 반대의원 명단
8178,865회 로또당첨번호
8179,김남국
8180,로또855회당첨번호
8181,최재성
8182,조윤희 
8183,카카오tv
8184,에이미 
8185,쿠키런: 킹덤
8186,배용준
8187,그랜드 캐년
8188,린다김
8189,노바백스 백신
8190,크리스마스카드
8191,이인좌의 난
8192,씨젠
8193,찬열 
8194,마녀보감
8195,김진아
8196,장진희
8197,신세계 야구단
8198,펜스룰
8199,고속도로 교통상황 
8200,김예령 
8201,언프리티랩스타3
8202,열매
8203,시국선언
8204,싸이 나팔바지
8205,아름다운 나의 신부
8206,유로2016 
8207,김일곤
8208,참좋은여행사
8209,이명희
8210,일본지진
8211,조지 마이클
8212,토트넘 아스날 
8213,성창호 판사
8214,미국 멕시코 야구
8215,정동춘
8216,광화문
8217,이규연의 스포트라이트
8218,택배파업
8219,나쁜남자
8220,란
8221,이병헌
8222,22사단
8223,양태오
8224,남북정상회담 일정
8225,빅뱅 쩔어
8226,내일날씨
8227,머스트비
8228,브뤼셀
8229,우체국알뜰폰
8230,돌아와요 아저씨
8231,일본 아랍에미리트
8232,강문영
8233,구자철 해트트릭
8234,불타는 청춘
8235,블랙 위도우
8236,공현주
8237,진짜사나이300
8238,허정민
8239,부산 가스
8240,송재호
8241,노블레스
8242,슈퍼비
8243,신동진 아나운서
8244,달빛조각사
8245,조수진
8246,아이시어 선아
8247,이만기
8248,419혁명
8249,홍현희
8250,차이나게이트
8251,다시 시작해
8252,안아키
8253,사랑의 불시착 16회 예고
8254,발렌타인데이 
8255,리멤버
8256,서울시립미술관
8257,발렌타인데이
8258,유소영
8259,한국 베트남 하이라이트
8260,유니클로
8261,배우 김민수
8262,아우디컵
8263,제이슨 본
8264,클라우드플레어
8265,서이라
8266,전인범
8267,인스타워즈
8268,이맹희
8269,민주당 전당대회
8270,김의성
8271,이진욱 찌라시
8272,마스크알리미앱
8273,www
8274,롯데시네마
8275,학교폭력 실태조사
8276,서인영
8277,김상조
8278,워터파크 용의자
8279,이건령
8280,뉴스룸 손석희
8281,최호식
8282,충암고
8283,29번째 확진자
8284,셀트리온
8285,오연준
8286,엄마
8287,김찬우
8288,조은정
8289,슈퍼밴드
8290,대통령 후보
8291,조현재
8292,올림픽 축구 8강대진표
8293,이재명 김부선
8294,김기식 비서
8295,경부고속도로 사고
8296,이외수
8297,박형식 UAA와 전속계약
8298,aoa 크림
8299,프로듀스 x 101
8300,김동연
8301,미스트리스 
8302,이재용 구속
8303,스베누
8304,강경화
8305,820회 로또 당첨 번호
8306,김주혁 조문
8307,너를 사랑한 시간
8308,로타바이러스
8309,2019 best nine
8310,트와이스 knock knock
8311,하정우
8312,토트넘 에버튼
8313,채림
8314,노희경
8315,TPP
8316,진원생명과학
8317,블랙넛
8318,삼겹살데이
8319,어바웃타임
8320,도도솔솔라라솔
8321,독일 잉글랜드
8322,김규종
8323,안경환
8324,타짜
8325,박휘순
8326,태풍 야기 
8327,패스트 트랙
8328,유라
8329,박은지
8330,아오르꺼러
8331,박병호 
8332,도리화가
8333,양상문
8334,롤드컵 결승
8335,epl 순위
8336,다크웹
8337,SNL 임수향
8338,태풍 콩레이
8339,임보라
8340,셜록
8341,내마음의꽃비
8342,ufc 207
8343,선을 넘는 녀석들
8344,라디오로맨스
8345,교통상황
8346,한국시리즈
8347,사이언톨로지교
8348,하자있는 인간들
8349,평택성모병원
8350,epl
8351,지성호 
8352,귓속말
8353,김상민
8354,장수원
8355,하백의 신부
8356,백원우 
8357,로건 폴
8358,황우만
8359,사전투표소
8360,수진 
8361,아시안 게임 축구 
8362,캡틴마블 쿠키영상
8363,동현배
8364,맨유 브뤼헤
8365,삼성서울병원
8366,유혜원
8367,개기월식
8368,한국 포르투갈
8369,손석희 
8370,자유한국당 무한도전
8371,검법남녀 시즌3
8372,MC그리
8373,임창용
8374,멜론
8375,한국 몰도바
8376,장성규
8377,S.E.S 바다 결혼
8378,조지나 로드리게스
8379,아이가 다섯
8380,경대수
8381,최용민
8382,양자컴퓨터
8383,김지은
8384,레버넌트
8385,치외법권
8386,장우혁
8387,2020 백상예술대상 축하공연
8388,시크릿 부티크
8389,김점동
8390,엄앵란
8391,기축통화
8392,황민현
8393,손흥민 해트트릭
8394,임세준
8395,삼성엔지니어링
8396,장영자
8397,한혜진
8398,배윤정
8399,대화의 희열
8400,월드컵 4강 대진표
8401,브렉시트
8402,유해진
8403,한국 세네갈
8404,어게인
8405,소서
8406,이유비
8407,윈도우10 베네수엘라
8408,환율
8409,갤럭시s7
8410,허미정
8411,오렌지 마말레이드 
8412,안녕 드라큘라
8413,김진표
8414,조수용
8415,제주도
8416,주미연
8417,아이유 팔레트
8418,로또659회당첨번호
8419,텐진
8420,만석닭강정
8421,천인우 이가흔 월미도
8422,앤트맨
8423,김진현
8424,너의 결혼식
8425,강타 정유미
8426,서른이지만 열일곱
8427,대종상 영화제
8428,송승환
8429,이문호
8430,712회 로또 당첨 번호
8431,로맨스는 별책부록
8432,밀양 세종병원
8433,칠레지진
8434,최찬욱
8435,왕이 된 남자
8436,한국서 정밀 폭격 훈련
8437,토트넘 아약스 
8438,로트와일러
8439,김원해
8440,혜민스님 집
8441,디기리
8442,버닝썬
8443,정두언
8444,원피스 925화
8445,박항서
8446,단마토
8447,황소희
8448,미드 올라프
8449,기업은행 채용
8450,복면가왕 음악대장
8451,장범준 2집
8452,대선사전투표방법
8453,세일전자
8454,아동수당
8455,비밀의숲 
8456,공효진
8457,라이프치히
8458,박시연
8459,노건호
8460,썸바디 2
8461,오버워치 월드컵
8462,편의점을 털어라
8463,장미여관
8464,손수조
8465,바둑tv
8466,강현수
8467,박세직 손녀
8468,태풍 마이삭
8469,슬기
8470,13일의 금요일
8471,베트남여성폭행
8472,정유라 패딩
8473,아리
8474,로또820회당첨번호
8475,완다와 거상
8476,한명구
8477,조원진 국회의원
8478,거리두기
8479,아이린 인성
8480,트럼프 딸
8481,신이
8482,왕종명
8483,로또858회당첨번호
8484,호란
8485,사의찬미
8486,강소라 
8487,그녀는 거짓말을 너무 사랑해
8488,송종국 
8489,타이슨
8490,김용건
8491,서영교 의원
8492,야탑고 신민혁 노히트노런
8493,커피 프렌즈
8494,이현재
8495,이승기
8496,연평해전 토렌트
8497,사유리
8498,아무도 모른다
8499,2019 7월 모의고사
8500,유태오
8501,데드풀2
8502,복수해라
8503,이은하
8504,윤석열
8505,천리마민방위
8506,쇼미더머니8
8507,이건희 사망
8508,유채영
8509,빌리 아일리시
8510,스타트업
8511,이수정
8512,강기정
8513,동갑내기 여행하기
8514,구제역
8515,태풍 노루
8516,청일전자 미쓰리
8517,하늘 
8518,2016 수능 등급컷
8519,고아성
8520,파리 테러
8521,5일간의 썸머
8522,디아블로4
8523,캡틴 아메리카: 시빌 워
8524,김수민 국민의당
8525,srt 고속철도
8526,w 
8527,서예지 
8528,처음학교로 
8529,원더우먼
8530,문재인을 파면한다
8531,강주은
8532,888회 로또 당첨 번호
8533,삼성전자 스토어
8534,조타
8535,DJ소다
8536,정병국
8537,김새론
8538,내보험 찾아줌
8539,코로나 3단계 발표
8540,안재욱
8541,류화영
8542,부산가스냄새
8543,지효
8544,어쩌다 발견한 하루
8545,오대양사건
8546,염경엽
8547,여교사
8548,안수찬
8549,복면가왕 흑기사
8550,박한별 남편
8551,풍선껌 
8552,코로나 2.5단계 연장
8553,베토벤
8554,한국 베트남 
8555,안가연
8556,금새록
8557,울산 화재
8558,오인혜 
8559,고원희
8560,동아시안컵
8561,라이프 온 마스
8562,태풍 솔릭
8563,아디다스
8564,이완영
8565,베트남 축구
8566,미세먼지 농도
8567,양미희
8568,조은누리
8569,노트르담 대성당
8570,갤럭시노트8
8571,문숙
8572,채드윅 보스만
8573,한국지엠
8574,국세청 연말정산 간소화서비스
8575,시계
8576,손시헌
8577,정아름
8578,예방접종 도우미
8579,자니윤
8580,우정잉
8581,송재희
8582,코로나바이러스
8583,지주연
8584,유키스
8585,스켈레톤
8586,쇼미더머니5
8587,설강화
8588,내 귀에 캔디2 이준기
8589,찬열 전여친
8590,문재인 탄핵
8591,하숙집 딸들
8592,이방카 
8593,당신은 너무합니다
8594,손연재 
8595,제이켠
8596,그랜드캐년 추락
8597,mbti 연애유형 테스트
8598,마담 앙트완
8599,손 꼭잡고
8600,2차 재난지원금
8601,추블리네가 떴다
8602,원종건학력
8603,설리 동향보고서 
8604,터미네이터5
8605,노영민
8606,이만희 눈동자
8607,ufc
8608,테레사 수녀
8609,김우성
8610,마스크 
8611,야구
8612,나훈아
8613,행주
8614,한국 카타르
8615,멕시코 지진
8616,색즉시공
8617,월북
8618,강성
8619,김승미
8620,이대 목동 병원
8621,대만지진
8622,로또 938회
8623,유병재
8624,알릴레오
8625,사이먼도미닉
8626,690회 로또당첨번호
8627,내성적인 보스
8628,승리호
8629,이진혁
8630,제주도 모녀
8631,강경준
8632,이승모
8633,태풍 12호 할롤라
8634,유빈 루머
8635,박찬주
8636,카드포인트 통합조회
8637,추석 특선영화 
8638,쯔양
8639,미운 우리 새끼
8640,아스달 연대기 
8641,타히티
8642,삼국지14
8643,오빠차 
8644,고영태 
8645,오세종
8646,윤서체
8647,조여옥 대위
8648,홍인영
8649,장기용
8650,로빈 장
8651,정준일
8652,로또678회당첨번호
8653,KBS 연기대상
8654,지코
8655,아스날
8656,한국 온두라스 
8657,사십춘기
8658,나훈아나이
8659,고리원전 4호기 수동 정지
8660,정유안
8661,긴급재난지원금 신청
8662,시베리아 선발대
8663,임영민
8664,SBS 연예대상
8665,택시 파업 
8666,김혜숙 교수
8667,최정호
8668,정일훈
8669,태풍위치 
8670,태풍 네파탁
8671,조선구마사
8672,최현준
8673,최수종
8674,박민우
8675,김선경나이
8676,머니게임
8677,이수근 아내
8678,김범
8679,바이든 당선
8680,김동성 장시호
8681,토트넘
8682,장욱조
8683,윤서인
8684,택시파업 
8685,바나나걸
8686,신동빈
8687,돼지 열병
8688,에이미 소울메이트
8689,방정오
8690,yg 엔터테인먼트
8691,드림플레이어
8692,그놈이 그놈이다
8693,남지현
8694,외신 긴급 타전
8695,테넷
8696,새해
8697,어쩌다 어른
8698,인천공항
8699,식당에서
8700,추신수 
8701,한석준
8702,할리베일리
8703,로또671회당첨번호
8704,김희애
8705,노경은
8706,이윤석
8707,명성교회
8708,함부로 애틋하게 8회
8709,뇌물혐의 부인
8710,휘성 
8711,이파인
8712,김도균
